FID,name,source,aeroway,lat,lon
0, , ,helipad,33.702012300000000,73.052922800000005
1, , ,helipad,33.705807600000000,73.053531699999994
2,Nur Khan Base, ,terminal,33.607356400000000,73.100737899999999
3, , ,helipad,33.730896999999999,73.100322700000007
4, , ,helipad,24.893037000000000,67.070548900000006
5,Chilas Azad Balawaristan Airport, ,aerodrome,35.426626200000001,74.086281499999998
6,Hajj Terminal, ,terminal,31.529136399999999,74.400374999999997
7,Belab, ,aerodrome,30.340030299999999,70.556703299999995
8,Chashma, ,aerodrome,32.424529800000002,71.458523099999994
9,Dhingar, ,aerodrome,29.923355900000001,66.746098900000007
10,Dera Ghazi Khan International Airport, ,aerodrome,29.961026199999999,70.485930499999995
11,Gurha Salim, ,aerodrome,32.878563700000001,73.605353199999996
12,Juzzak, ,aerodrome,29.041354800000001,61.647936899999998
13,Kandhkot, ,aerodrome,28.273474100000001,69.276498200000006
14,خانپُور, ,aerodrome,28.643077200000000,70.632507700000005
15,Khewra, ,aerodrome,32.629181000000003,73.022515400000003
16,Khorewah, ,aerodrome,24.787270899999999,68.557172499999993
17,Kot Addu, ,aerodrome,30.494907200000000,70.971155999999993
18,Mad Juma, ,aerodrome,28.356190000000002,70.600234599999993
19,منڈی بهاؤالدین, ,aerodrome,32.601424999999999,73.508420900000004
20,Mangla, ,aerodrome,33.050106300000003,73.638419499999998
21,Mianwali Air Base,ourairports.com,aerodrome,32.563098900000000,71.570701600000007
22,Minhas, ,aerodrome,33.870302199999998,72.400492099999994
23,Mir Baz, ,aerodrome,31.189576100000000,70.180038999999994
24,Nawabshah Airport,wikipedia,aerodrome,26.218726300000000,68.388573300000004
25,نوک کنڈی, ,aerodrome,28.819456299999999,62.730698900000000
26,Nushki, ,aerodrome,29.538808299999999,66.022802600000006
27,Ormara Airport,wikipedia,aerodrome,25.273399900000001,64.586974499999997
28,Sui Airport,wikipedia,aerodrome,28.645256600000000,69.176119299999996
29,Kohat Airbase,wikipedia,aerodrome,33.571376000000001,71.442711599999996
30,Zhob Airport,wikipedia,aerodrome,31.358300000000000,69.463600000000000
31,Parachinar Airport,wikipedia,aerodrome,33.902932399999997,70.072330899999997
32, , ,holding_position,31.536287999999999,74.405987300000007
33, , ,aerodrome,31.568204200000000,73.167226200000002
34,Bannu Airport,ourairports.com,aerodrome,32.972900400000000,70.527900700000004
35,Chandhar Airport,ourairports.com,aerodrome,32.077800799999999,73.790199299999998
36,Rajanpur Airport,ourairports.com,aerodrome,29.263999900000002,70.186401399999994
37,Thal Airport,ourairports.com,aerodrome,33.387599899999998,70.588798499999996
38,Kashmor Airport,ourairports.com,aerodrome,28.470600099999999,69.599098200000000
39,Robray Airport,ourairports.com,aerodrome,26.251899699999999,63.130298600000003
40,Pano Aqil Southeast Airport,ourairports.com,aerodrome,27.813100800000001,69.167098999999993
41,Chirat Airport,ourairports.com,aerodrome,33.968101500000003,71.967498800000001
42,Dalbandin Airport,ourairports.com,aerodrome,28.875939299999999,64.401426000000001
43,Dadu Airport,ourairports.com,aerodrome,26.554500600000001,67.674598700000004
44,Cape Monz Airport,ourairports.com,aerodrome,24.827932400000002,66.664428700000002
45,Chore Airport,ourairports.com,aerodrome,25.525999100000000,69.771797199999995
46,Gharo Airport,ourairports.com,aerodrome,24.729000100000000,67.587600699999996
47,Kalat Airport,ourairports.com,aerodrome,29.133333199999999,66.516670199999993
48,Kharan Airfield,ourairports.com,aerodrome,28.598033600000001,65.420972399999997
49,Loralai Airport,ourairports.com,aerodrome,30.355499300000002,68.613502499999996
50,Mirpur Khas Air Base,ourairports.com,aerodrome,25.682162600000002,69.072799700000004
51,Miran Shah Airport,ourairports.com,aerodrome,33.014701799999997,70.064399699999996
52,Sindhri Tharparkar Airport,ourairports.com,aerodrome,25.682977300000001,69.072712400000000
53,Pishin Airport,ourairports.com,aerodrome,30.556200000000000,66.985496499999996
54,Rafiqui Air Base,ourairports.com,aerodrome,30.758100500000001,72.282501199999999
55,Faisal Air Base,ourairports.com,aerodrome,24.874200800000001,67.118499799999995
56,Mushaf Air Base,ourairports.com,aerodrome,32.048599199999998,72.665000899999995
57,Sahiwal Airport,ourairports.com,aerodrome,31.888216300000000,72.310913200000002
58,Talhar Airport,ourairports.com,aerodrome,24.841499299999999,68.838401800000000
59,Taftan Airport,ourairports.com,aerodrome,28.964199099999998,61.595401799999998
60,Basal Airport,ourairports.com,aerodrome,33.529998800000001,72.260002099999994
61,Kharan East Airport,ourairports.com,aerodrome,28.619899700000001,65.466499299999995
62,Mari Indus East,ourairports.com,aerodrome,32.919998200000002,71.690002399999997
63,Wateji Air Strip,ourairports.com,aerodrome,24.865929200000000,67.410739899999996
64,Attock Airport,ourairports.com,aerodrome,33.913200400000001,72.293701200000001
65,Reko Diq Airport,ourairports.com,aerodrome,28.970800400000002,62.433300000000003
66,Siachen Glacier AFS Airport,ourairports.com,helipad,35.484285100000001,77.011533499999999
67,Dalbandin Heliport,ourairports.com,helipad,28.874793799999999,64.403936900000005
68,Korangi Creek Heliport,ourairports.com,helipad,24.782199899999998,67.136398299999996
69, , ,helipad,33.768892899999997,74.083359999999999
70,Air Movement Masroor, ,terminal,24.887861800000000,66.933497799999998
71,Firozpur Abandoned Airfield, ,aerodrome,30.895490500000001,74.582224699999998
72, , ,helipad,23.821149100000000,68.764397599999995
73, , ,helipad,23.830153299999999,68.733454699999996
74, , ,helipad,23.830457299999999,68.733941400000006
75, , ,helipad,27.867419900000002,70.566727900000004
76,HALIPAD KOTLI, ,helipad,33.514970599999998,73.897847200000001
77, , ,turning_circle,30.241142300000000,67.042737000000002
78, , ,turning_circle,30.241642800000001,67.041428100000005
79, , ,turning_circle,30.235988700000000,67.034218300000006
80, , ,helipad,32.265876100000000,69.894708100000003
81, , ,helipad,32.337777799999998,70.118605099999996
82, , ,helipad,32.363579600000001,70.112382299999993
83, , ,helipad,32.364005599999999,70.112055100000006
84, , ,helipad,25.188409700000001,64.666593399999996
85, , ,helipad,25.189505600000000,64.605140300000002
86,NDU Helipad, ,helipad,33.723679099999998,73.019710399999994
87,NDU Helipad, ,helipad,33.724517900000002,73.021142699999999
88,NDU Helipad, ,helipad,33.723870900000001,73.020155700000004
89,NDU Helipad, ,helipad,33.724013700000000,73.021335800000003
90, , ,helipad,33.160327500000001,74.234979800000005
91, , ,helipad,33.160458100000000,74.236057599999995
92, , ,helipad,33.736716199999996,72.860677499999994
93, , ,helipad,33.731895399999999,72.836583899999994
94, , ,helipad,33.732524800000000,72.837761799999996
95, , ,helipad,30.214234000000001,67.027315299999998
96, , ,helipad,30.214531800000000,67.027430800000005
97, , ,holding_position,26.966696500000001,68.879363499999997
98, , ,holding_position,27.200230300000001,69.152867000000001
99, , ,helipad,28.466713800000001,69.596604400000004
100, , ,helipad,28.467191400000001,69.596909400000001
101, , ,helipad,28.467670300000002,69.597215100000000
102, , ,holding_position,28.273046000000001,68.458615499999993
103, , ,holding_position,28.273334100000000,68.460013000000004
104, , ,holding_position,28.276495499999999,68.456095099999999
105, , ,holding_position,28.276906000000000,68.457419799999997
106, , ,holding_position,28.292097600000002,68.444715000000002
107, , ,holding_position,28.295334700000002,68.444195300000004
108, , ,holding_position,28.295684800000000,68.442199599999995
109, , ,helipad,25.524325000000001,69.770363200000006
110, , ,helipad,25.527593400000001,69.773981000000006
111, , ,helipad,31.910085599999999,70.888366500000004
112, , ,helipad,31.910499800000000,70.888658000000007
113, , ,helipad,27.662408599999999,68.366588800000002
114, , ,helipad,27.662947599999999,68.366490999999996
115, , ,helipad,27.663490800000002,68.366371700000002
116,Bacha Khan Trminal, ,gate,33.988349700000001,71.519757100000007
117,Islamkot International Airport, ,aerodrome,24.846257200000000,70.097292499999995
118, , ,helipad,25.662554499999999,70.615163600000002
119, , ,helipad,25.662704099999999,70.614731399999997
120, , ,helipad,25.662747000000000,70.614548200000002
121,Combined Passenger Terminal, ,terminal,33.557047799999999,72.835355000000007
122, , ,helipad,32.486718199999999,69.462414400000000
123, ,Bing,helipad,24.470096900000001,69.583853800000000
124, , ,helipad,32.460606700000000,69.694359899999995
125, , ,helipad,32.460645000000000,69.694790100000006
126, , ,helipad,32.483006000000003,69.726348900000005
127, , ,helipad,30.573957799999999,66.999920000000003
128, , ,helipad,32.509809799999999,69.794472099999993
129, , ,helipad,32.527135500000000,69.802134300000006
130, , ,helipad,32.693305100000003,69.834000799999998
131, , ,aerodrome,32.701037900000003,69.830737700000000
132, , ,helipad,32.823834699999999,69.975208499999994
133, , ,helipad,32.762795300000001,70.292844500000001
134, , ,helipad,32.552292999999999,71.978835099999998
135, , ,helipad,32.548915299999997,71.942265800000001
136, , ,helipad,29.643821299999999,69.075125999999997
137, , ,helipad,35.035772399999999,75.100903599999995
138, , ,helipad,35.036018100000000,75.100805500000007
139, , ,helipad,35.036977000000000,75.100124699999995
140, , ,helipad,32.515090200000003,74.528357099999994
141, , ,helipad,32.904483499999998,69.765235399999995
142, , ,helipad,32.904857200000002,69.765184899999994
143,Relief & Aid Agency pakistan, ,helipad,32.385671100000003,69.669741799999997
144, , ,helipad,26.745545700000001,69.522842400000002
145, , ,helipad,27.872226099999999,70.567907599999998
146, , ,turning_circle,30.233158100000001,67.043018500000002
147, , ,helipad,33.148618700000000,70.032131199999995
148, , ,helipad,36.085830500000000,72.542619400000007
149, , ,helipad,36.084983899999997,72.543093600000006
150, , ,helipad,31.337404500000002,74.197036999999995
151, , ,helipad,27.795593799999999,66.638536400000007
152, , ,helipad,29.001923699999999,72.854123099999995
153, , ,helipad,28.928111600000001,72.688328200000001
154, , ,helipad,30.085495300000002,73.815825799999999
155, , ,helipad,33.906272800000004,70.095221499999994
156, , ,helipad,33.906236000000000,70.094353400000003
157, , ,helipad,24.258911200000000,70.781372200000007
158, , ,helipad,36.085084899999998,72.542161199999995
159, , ,helipad,36.085307600000000,72.543098999999998
160, , ,helipad,36.085341600000000,72.542440700000000
161, , ,helipad,36.085496300000003,72.542838700000004
162, , ,helipad,36.085688099999999,72.542302899999996
163, , ,helipad,36.086241800000003,72.542900000000003
164, , ,helipad,36.086848099999997,72.544454099999996
165, , ,helipad,29.380692100000001,71.765076899999997
166, , ,helipad,28.901560799999999,64.431728399999997
167, , ,helipad,28.902038399999999,64.432052200000001
168, , ,helipad,29.538736600000000,66.024375699999993
169, , ,parking_position,28.822762900000001,62.730849599999999
170, , ,parking_position,28.822773000000002,62.730961700000002
171, , ,parking_position,28.822905800000001,62.730945300000002
172, , ,helipad,34.758312500000002,76.297802000000004
173, , ,helipad,28.804825500000000,68.066640100000001
174, , ,helipad,29.647235100000000,67.572139199999995
175, , ,helipad,34.518389300000003,71.920545500000003
176, , ,helipad,34.515529000000001,71.898287699999997
177, , ,helipad,34.515544200000001,71.898620399999999
178, , ,helipad,36.391789000000003,74.856200500000000
179, , ,helipad,36.400505799999998,74.872451299999994
180, , ,helipad,36.617354900000002,74.859462399999998
181, , ,helipad,24.847148600000001,66.787229400000001
182, , ,helipad,24.847911300000000,66.787004699999997
183, , ,helipad,24.847679400000001,66.786101599999995
184, , ,helipad,24.930307700000000,66.683058299999999
185, , ,helipad,24.947226600000000,66.721621299999995
186,Allama Iqbal International Airport,http://www.kds.com/,aerodrome,31.521222000000002,74.408780699999994
187, , ,helipad,28.365927599999999,72.160349299999993
188, , ,helipad,28.328205900000000,72.131089299999999
189, , ,helipad,28.313321800000001,72.115779099999997
190, , ,helipad,28.286074299999999,72.090716200000003
191, , ,helipad,28.252547900000000,72.041697600000006
192, , ,helipad,28.219831700000000,71.972150900000003
193, , ,helipad,25.172537599999998,66.751572499999995
194, , ,helipad,25.195316699999999,66.751051799999999
195, , ,helipad,25.192167000000001,66.748625399999995
196, , ,helipad,25.194564400000001,66.751254500000002
197, , ,helipad,25.352533800000000,66.663835199999994
198, , ,helipad,25.352233200000001,66.663352399999994
199, , ,helipad,25.351724200000000,66.664275099999998
200, , ,helipad,30.541759299999999,74.048384499999997
201, , ,helipad,25.424578700000001,65.844319700000000
202, , ,helipad,25.201754500000000,64.674547500000003
203, , ,helipad,25.188380500000001,64.636067299999993
204, , ,helipad,25.273614700000000,62.580626400000000
205, , ,helipad,25.429636700000000,65.322658899999993
206, , ,helipad,25.429479400000002,65.321636400000003
207, , ,helipad,25.430651399999999,65.322215000000000
208, , ,helipad,28.955264600000000,69.054809800000001
209, , ,helipad,25.068261400000001,61.802874199999998
210, , ,helipad,25.065704900000000,61.800838100000000
211, , ,helipad,35.356758800000001,74.806625100000005
212, , ,helipad,36.676171500000002,74.828884000000002
213, , ,helipad,36.676409700000001,74.829696600000005
214, , ,helipad,36.676534099999998,74.829323400000007
215, , ,helipad,36.676674400000003,74.828875999999994
216, , ,helipad,34.099794899999999,71.158900000000003
217, , ,helipad,34.099998499999998,71.160113899999999
218, , ,helipad,34.099095100000000,71.159325100000004
219, , ,helipad,34.099341099999997,71.160282899999999
220, , ,helipad,35.467753000000002,77.032432700000001
221, , ,helipad,34.485390299999999,75.510317900000004
222, , ,helipad,33.958190600000002,71.569925400000002
223,DG Khan Helipad, ,helipad,30.035309600000001,70.633597300000005
224, , ,helipad,25.039028099999999,67.455810400000004
225, , ,helipad,24.830394399999999,67.409602300000003
226, , ,helipad,30.829067400000000,67.747198600000004
227, , ,helipad,27.205512700000000,69.631931199999997
228, , ,helipad,27.428037199999999,69.903254300000000
229, , ,helipad,31.520776300000001,74.394032300000006
230, , ,gate,31.519575000000000,74.410173599999993
231, , ,gate,31.519874399999999,74.410173400000005
232, , ,gate,31.520173700000001,74.410173200000003
233, , ,gate,31.520473100000000,74.410173000000000
234, , ,gate,31.520772399999998,74.410172799999998
235, , ,gate,31.521071800000001,74.410172599999996
236, , ,gate,31.521371100000000,74.410172399999993
237, , ,gate,31.521670499999999,74.410172200000005
238, , ,aerodrome,31.491167600000001,74.349417099999997
239, , ,parking_position,35.881799399999998,71.798246199999994
240, , ,parking_position,35.881788600000000,71.798181799999995
241, , ,parking_position,35.881568000000001,71.798035600000006
242, , ,holding_position,35.881867499999998,71.797718500000002
243, , ,helipad,34.792202000000003,75.081757300000007
244, , ,helipad,34.436168500000001,75.247372999999996
245, , ,helipad,33.630840300000003,72.614678100000006
246, , ,helipad,33.630500800000000,72.614688799999996
247, , ,helipad,34.624904999999998,76.476836199999994
248, , ,helipad,34.454810700000003,73.921351500000000
249, , ,helipad,34.440818200000002,73.907759999999996
250, , ,helipad,34.418840000000003,73.923473500000000
251, , ,helipad,33.991602700000001,74.269254500000002
252, , ,helipad,34.051637200000002,74.263015699999997
253, , ,helipad,33.597657200000000,74.080067600000007
254, , ,helipad,34.152906000000002,73.994565399999999
255, , ,helipad,34.343669100000000,74.169129400000003
256, , ,helipad,34.033530300000002,74.193283600000001
257, , ,helipad,33.876243500000001,74.290159599999996
258,Jinnah International Airport - Departures Terminal, ,terminal,24.899891100000001,67.167513400000004
259, , ,helipad,24.811451099999999,67.019308600000002
260, , ,helipad,24.811947700000001,67.019539300000005
261,Jinnah International Airport, ,aerodrome,24.899777199999999,67.154096899999999
262, , ,helipad,24.839299700000002,67.049041700000004
263,Airport Terminal, ,terminal,31.362718399999999,72.988426599999997
264, , ,helipad,25.751469400000001,70.281700299999997
265, , ,helipad,25.751723699999999,70.281993499999999
266, , ,helipad,34.765649500000002,72.361711200000002
267, , ,helipad,34.765909299999997,72.361854199999996
268, , ,helipad,34.765652000000003,72.361994100000004
269, , ,helipad,34.395134800000001,73.857261500000007
270, , ,helipad,34.923814000000000,76.719009900000003
271, , ,helipad,34.925238999999998,76.722706000000002
272, , ,helipad,34.929316100000001,76.746014400000007
273, ,Bing,helipad,29.539175799999999,72.248427000000007
274, , ,helipad,27.524705000000001,70.158605800000004
275, , ,helipad,24.908952200000002,66.882514200000003
276, , ,helipad,24.908355499999999,66.882827899999995
277, , ,helipad,24.887869500000001,66.935089899999994
278, , ,helipad,24.888115500000001,66.934868100000003
279, , ,helipad,24.888361400000001,66.934714000000000
280, , ,helipad,24.886779499999999,66.935373400000003
281, , ,helipad,24.886231700000000,66.935404199999994
282, , ,helipad,24.858208699999999,66.911400099999994
283, , ,helipad,24.857914399999999,66.911431500000006
284, , ,helipad,24.813533000000000,66.949096699999998
285, , ,helipad,24.813468700000001,66.949634700000004
286, , ,helipad,24.800157700000000,66.972274600000006
287, , ,helipad,24.800401300000001,66.972583499999999
288, , ,helipad,24.791778200000000,66.978496100000001
289, , ,helipad,24.791456000000000,66.978780900000004
290, , ,helipad,25.182470100000000,66.756159400000001
291, , ,helipad,25.036497900000001,67.320556400000001
292, , ,helipad,24.971391300000001,67.221449899999996
293, , ,helipad,24.972626300000002,67.219755599999999
294, , ,helipad,24.955539200000000,67.213567900000001
295, , ,helipad,24.947387100000000,67.204353800000007
296, , ,helipad,25.875979999999998,67.303406400000000
297, , ,helipad,25.876111399999999,67.302806099999998
298, , ,helipad,26.875645299999999,67.347862599999999
299, , ,helipad,26.875442300000000,67.346990099999999
300, , ,helipad,26.875834800000000,67.348803300000000
301, , ,helipad,26.859787099999998,67.150035099999997
302, , ,helipad,26.860129199999999,67.149743200000003
303, , ,helipad,25.039476199999999,67.458870200000007
304, , ,helipad,25.301159999999999,68.062283899999997
305, , ,helipad,25.189351100000000,67.861857099999995
306, , ,helipad,25.188945400000001,67.861315399999995
307, , ,helipad,25.187770600000000,67.862903200000005
308, , ,helipad,25.189653000000000,67.862531899999993
309, , ,helipad,25.188633599999999,67.862231499999993
310, , ,helipad,25.188759800000000,67.862810899999999
311, , ,helipad,25.553725000000000,68.345344999999995
312, , ,helipad,26.109101899999999,68.232971199999994
313, , ,helipad,33.730843399999998,73.101915599999998
314, , ,helipad,33.737209300000004,73.102613599999998
315, , ,helipad,33.741663199999998,73.100489400000001
316, , ,helipad,33.734648800000002,73.135610700000001
317, , ,helipad,29.324840500000001,71.825587900000002
318, , ,helipad,29.324947999999999,71.824355499999996
319, , ,helipad,29.324829800000000,71.826684799999995
320, , ,helipad,29.309286199999999,71.961866599999993
321, , ,helipad,29.256852100000000,71.751705500000000
322, , ,helipad,29.257297500000000,71.751765500000005
323, , ,helipad,29.363069400000001,71.679482600000000
324, , ,helipad,29.362901000000001,71.680104900000003
325, , ,helipad,31.983886999999999,72.174479300000002
326, , ,helipad,32.030883199999998,72.168768499999999
327, , ,helipad,32.031282900000001,72.168791499999998
328, , ,helipad,32.030503099999997,72.168756999999999
329, , ,helipad,32.030142099999999,72.168836799999994
330, , ,helipad,32.029771799999999,72.168835000000001
331, , ,helipad,35.680470200000002,75.964278399999998
332, , ,helipad,35.679831299999996,75.964694399999999
333, , ,helipad,27.132439200000000,63.312276500000003
334, , ,helipad,35.287353099999997,76.703216999999995
335, , ,helipad,30.905248799999999,74.608610299999995
336, , ,helipad,29.685351099999998,61.137263400000002
337, , ,holding_position,35.332621000000003,75.545637700000000
338, , ,helipad,35.426076799999997,74.091963300000003
339, , ,helipad,25.103556999999999,62.327253300000002
340, ,Bing,helipad,31.356390099999999,69.455866799999995
341, ,Bing,helipad,31.357322300000000,69.455850699999999
342, , ,helipad,24.779743100000001,67.407917299999994
343, , ,helipad,34.623125999999999,75.784579199999996
344, , ,helipad,34.623306999999997,75.784662400000002
345, , ,helipad,32.422294200000003,71.453891999999996
346, , ,helipad,32.422665600000002,71.454659100000001
347, , ,helipad,32.423043700000001,71.455461099999994
348, , ,helipad,32.423360600000002,71.456123599999998
349, , ,helipad,32.423679900000003,71.456775399999998
350, , ,helipad,32.423994600000000,71.457453999999998
351, , ,helipad,32.928639699999998,74.383415799999995
352, , ,parking_position,32.534587000000002,74.367660799999996