FID,name,aeroway,X,Y
0, ,runway,73.081147700000002,33.624624400000002
1, ,runway,71.513558000000003,34.005723900000000
2,07R/25L,runway,67.142687400000000,24.900591200000001
3, ,taxiway,67.142971299999999,24.900663099999999
4, ,taxiway,67.173632499999997,24.906436899999999
5, ,taxiway,67.158040700000001,24.902495500000001
6, ,taxiway,67.170238800000007,24.905602200000001
7, ,runway,63.330511199999997,25.282394700000001
8, ,taxiway,68.438315500000002,28.290629299999999
9, ,taxiway,73.101851900000000,33.609861199999997
10, ,taxiway,73.095889400000004,33.614475400000003
11, ,taxiway,73.082833800000003,33.615427500000003
12, ,runway,74.077979600000006,35.428559300000003
13, ,runway,74.325030699999999,35.916443100000002
14, ,runway,69.062326299999995,25.673143000000000
15, ,taxiway,67.149546799999996,24.900331000000001
16, ,taxiway,67.153381699999997,24.901336600000000
17, ,runway,62.318894899999997,25.228299600000000
18, ,taxiway,67.167191000000003,24.903668600000000
19, ,taxiway,67.169935199999998,24.904359899999999
20, ,taxiway,67.150529399999996,24.900573900000001
21, ,runway,75.530462499999999,35.353290700000002
22, ,runway,72.344129100000004,34.808379400000000
23,Lhr PAF,taxiway,74.402635599999996,31.523529000000000
24,Lhr PAF,taxiway,74.402393000000004,31.510227000000000
25,Lhr PAF,taxiway,74.400414100000006,31.522173800000001
26, ,runway,71.420263100000000,30.219754900000002
27, ,taxiway,71.513558000000003,34.005723900000000
28, ,taxiway,71.515565199999998,33.981758999999997
29, ,taxiway,71.514797799999997,33.990922599999998
30, ,taxiway,71.519133199999999,33.993730100000001
31, ,taxiway,71.519734200000002,33.996951600000003
32, ,runway,71.732425899999996,29.350681399999999
33, ,taxiway,71.711180499999998,29.349805600000000
34, ,runway,66.951146899999998,24.898486100000000
35, ,runway,66.956351400000003,24.898488799999999
36, ,taxiway,66.933759800000004,24.899910299999998
37, ,runway,73.797043500000001,33.845718400000003
38, ,runway,67.713576799999998,26.481795000000002
39, ,runway,73.777489900000006,32.068749799999999
40, ,runway,69.176075900000001,28.638468899999999
41,Muzaffarabad,runway,73.504890900000007,34.341768799999997
42, ,runway,71.553877900000003,32.554511300000001
43, ,runway,71.988955700000005,34.078637999999998
44, ,runway,71.447435499999997,33.561250999999999
45, ,runway,72.601022000000000,33.981673899999997
46, ,runway,68.153951599999999,27.337471600000001
47, ,runway,68.385274899999999,26.207894000000000
48, ,runway,66.634809899999993,27.796447000000001
49, ,runway,66.925603699999996,30.264059100000001
50, ,runway,69.473215999999994,31.356779000000000
51, ,runway,70.069506500000003,33.907774600000003
52, ,runway,63.021158300000003,25.985395100000002
53, ,taxiway,71.421964799999998,30.215482000000002
54, ,taxiway,71.422308799999996,30.220677700000000
55, ,taxiway,71.418367300000000,30.192746199999998
56, ,taxiway,71.418514200000004,30.194838900000001
57, ,runway,74.402825300000003,31.533928299999999
58, ,runway,74.404308599999993,31.506479200000001
59, ,taxiway,74.401712500000002,31.526776900000002
60, ,taxiway,74.404697600000006,31.527534800000002
61, ,taxiway,74.405313399999997,31.528038899999999
62, ,taxiway,74.404856800000005,31.536148000000001
63, ,taxiway,74.406727599999996,31.524541400000000
64, ,taxiway,74.406716900000006,31.523623400000002
65, ,taxiway,74.406641100000002,31.517451099999999
66, ,taxiway,74.406623900000000,31.516785200000001
67, ,taxiway,74.404478100000006,31.515653199999999
68, ,taxiway,71.419623400000006,30.210642100000001
69, ,taxiway,71.421233200000003,30.210775000000002
70, ,taxiway,71.420057299999996,30.210782500000001
71, ,taxiway,71.421940599999999,30.215138799999998
72, ,runway,68.361667299999993,25.309451299999999
73, ,taxiway,68.364410399999997,25.318943600000001
74, ,runway,74.837672299999994,32.698194899999997
75, ,taxiway,66.932150100000001,24.891274700000000
76, ,taxiway,67.112535100000002,24.874804200000000
77, ,taxiway,67.111075999999997,24.870472700000001
78, ,taxiway,67.110743400000004,24.871932800000000
79, ,runway,67.129336400000000,24.876527100000001
80, ,runway,67.105969000000002,24.871202799999999
81, ,runway,67.107035400000001,24.876470099999999
82, ,runway,76.151989900000004,34.516658900000003
83, ,runway,74.314849699999996,33.373163200000000
84, ,runway,71.795398100000000,35.879162800000003
85, ,runway,70.970360499999998,30.499541600000001
86, ,runway,71.984018800000001,34.082252599999997
87, ,taxiway,71.984469799999999,34.074769699999997
88, ,taxiway,71.957109399999993,34.081257700000002
89, ,taxiway,71.983769600000002,34.082266500000003
90, ,taxiway,71.986719199999996,34.075672699999998
91, ,taxiway,71.985603200000000,34.079679900000002
92, ,taxiway,71.988204699999997,34.075242799999998
93, ,taxiway,71.956711999999996,34.081297300000003
94, ,taxiway,71.956328099999993,34.080417500000003
95, ,taxiway,71.955582300000003,34.081539200000002
96, ,taxiway,71.986867000000004,34.079961500000003
97, ,taxiway,71.977073099999998,34.081078400000003
98, ,taxiway,71.955907800000006,34.081681900000000
99, ,taxiway,71.964828100000005,34.077845799999999
100, ,taxiway,71.986943600000004,34.075586000000001
101, ,taxiway,71.980463000000000,34.082450700000003
102, ,taxiway,71.984356399999996,34.074612399999999
103, ,taxiway,71.987159000000005,34.079791000000000
104, ,taxiway,71.979548300000005,34.068970600000000
105, ,taxiway,71.976874400000000,34.072685600000000
106, ,taxiway,71.965113500000001,34.081668499999999
107, ,taxiway,71.980806000000001,34.070777499999998
108, ,taxiway,71.964999300000002,34.079944599999997
109, ,taxiway,71.972469799999999,34.082895800000003
110, ,taxiway,71.988035600000003,34.075146099999998
111, ,taxiway,71.986574099999999,34.076656600000000
112, ,taxiway,71.986081900000002,34.079727499999997
113, ,taxiway,71.979375500000003,34.068726200000000
114, ,taxiway,71.984705800000000,34.076759299999999
115, ,taxiway,71.514026799999996,34.005889600000003
116, ,runway,73.167274699999993,31.569586000000001
117, ,apron,68.797165800000002,27.712590599999999
118, ,taxiway,68.800127000000003,27.710348600000000
119, ,apron,68.800327600000003,27.711849600000001
120, ,taxiway,68.799939800000004,27.713039200000001
121, ,apron,68.797814500000001,27.712700600000002
122, ,apron,68.797380399999994,27.713293000000000
123, ,taxiway,72.990928699999998,31.358364099999999
124, ,taxiway,72.986833000000004,31.356462799999999
125, ,taxiway,73.004018900000005,31.375200199999998
126, ,taxiway,72.986702800000003,31.356308400000000
127, ,taxiway,73.003105599999998,31.376254100000001
128, ,taxiway,72.993787200000000,31.374622899999999
129, ,taxiway,72.991531100000003,31.358442700000001
130, ,taxiway,73.004427699999994,31.375679099999999
131, ,taxiway,72.997214099999994,31.373471299999999
132, ,taxiway,72.985472200000004,31.356230300000000
133, ,taxiway,72.995383599999997,31.374086500000001
134, ,taxiway,72.990225400000000,31.358272299999999
135, ,taxiway,73.002351500000003,31.371115400000001
136, ,runway,72.985860799999998,31.353926399999999
137, ,taxiway,72.992548299999996,31.374921000000001
138, ,taxiway,73.002966799999996,31.377080800000002
139, ,taxiway,73.001268999999994,31.371978700000000
140, ,taxiway,72.991080699999998,31.358383900000000
141, ,taxiway,72.989157100000000,31.359219499999998
142, ,taxiway,72.992186599999997,31.375008099999999
143, ,taxiway,73.004947599999994,31.370882500000000
144, ,taxiway,72.996897700000005,31.373577600000001
145, ,taxiway,72.985977099999999,31.356316600000000
146, ,taxiway,73.002999700000004,31.376884900000000
147, ,taxiway,72.994106000000002,31.374515800000001
148, ,taxiway,73.005163899999999,31.377966900000001
149, ,taxiway,72.998459199999999,31.373052900000001
150, ,taxiway,72.995679199999998,31.373987100000001
151, ,taxiway,73.003913299999994,31.371133499999999
152, ,taxiway,68.440452800000003,28.291116299999999
153,12/30,runway,72.416905299999996,33.861103300000003
154, ,runway,71.590695999999994,34.127017400000000
155,Murid,runway,72.762766799999994,32.917989800000001
156, ,taxiway,74.841293699999994,32.681478700000000
157, ,runway,74.082853999999998,33.773030900000002
158, ,taxiway,66.932913499999998,24.898476800000001
159, ,taxiway,66.947445200000004,24.918093800000001
160, ,taxiway,67.148385700000006,24.904894299999999
161,07L/25R,runway,67.178046600000002,24.912407399999999
162, ,taxiway,71.517857800000002,33.981931400000001
163, ,taxiway,71.518137999999993,33.986012199999998
164, ,taxiway,71.514165899999995,33.998466700000002
165, ,taxiway,71.517175100000003,33.980075499999998
166, ,taxiway,71.518201300000001,33.987585500000002
167, ,taxiway,71.517811800000004,33.981009299999997
168, ,runway,70.903622200000001,31.906166500000001
169, ,runway,76.135723100000007,34.556465400000000
170, ,taxiway,74.838153399999996,32.690362200000003
171, ,taxiway,74.840566800000005,32.689117899999999
172, ,taxiway,74.838561999999996,32.683708899999999
173, ,taxiway,74.837961300000003,32.693489100000001
174, ,taxiway,66.934661100000000,24.883512400000001
175, ,taxiway,66.960561799999994,24.891552399999998
176, ,taxiway,66.934787499999999,24.883627199999999
177, ,taxiway,66.950849000000005,24.889842500000000
178, ,taxiway,66.925964199999996,24.890218399999998
179, ,taxiway,66.932150199999995,24.891493100000002
180, ,taxiway,66.931731200000002,24.880851000000000
181, ,taxiway,66.956369400000000,24.895854100000001
182, ,runway,74.576044800000005,30.902723600000002
183, ,taxiway,71.418677200000005,30.215927900000001
184, ,taxiway,71.422711199999995,30.215575600000001
185, ,taxiway,71.415855500000006,30.191532400000000
186, ,taxiway,71.422405499999996,30.211316799999999
187, ,taxiway,71.423494399999996,30.217791399999999
188, ,taxiway,71.422552199999998,30.217066400000000
189, ,taxiway,71.418301700000001,30.216854999999999
190, ,taxiway,71.422916999999998,30.212582000000001
191, ,taxiway,71.422713000000002,30.213953700000001
192, ,runway,70.635662199999999,28.646324499999999
193, ,taxiway,67.715626099999994,26.473752999999999
194, ,runway,70.490813299999999,28.304886199999999
195, ,taxiway,70.971155400000001,30.494230699999999
196, ,taxiway,68.139218499999998,27.334331100000000
197, ,runway,66.923889299999999,30.262639300000000
198, ,taxiway,66.926431199999996,30.264636500000002
199, ,taxiway,66.926157700000005,30.265289800000001
200, ,taxiway,66.926672600000003,30.264326000000001
201, ,taxiway,66.925846500000006,30.265368500000001
202, ,taxiway,66.945196199999998,30.246172200000000
203, ,taxiway,66.945196199999998,30.246172200000000
204, ,taxiway,66.932117000000005,30.258113099999999
205, ,taxiway,66.944014400000000,30.247251299999999
206, ,taxiway,66.952184500000001,30.242288599999998
207, ,taxiway,66.933168699999996,30.251588500000000
208, ,taxiway,66.944674599999999,30.246648499999999
209, ,taxiway,66.926089399999995,30.263615699999999
210, ,taxiway,66.937486399999997,30.253211300000000
211, ,runway,70.193173200000004,29.276835699999999
212, ,taxiway,70.195246600000004,29.275482400000001
213, ,taxiway,70.192980700000007,29.276424400000000
214, ,taxiway,70.184999599999998,29.256214199999999
215, ,runway,74.526783499999993,32.512618400000001
216, ,taxiway,67.042737000000002,30.241142300000000
217, ,taxiway,67.041428100000005,30.241642800000001
218, ,runway,67.029939799999994,30.240666099999999
219, ,runway,71.242261900000003,28.443639699999999
220, ,runway,71.685618300000002,32.918394499999998
221, ,runway,70.282705500000006,28.395195300000001
222, ,runway,74.343264899999994,31.497708700000000
223, ,runway,73.357875300000003,30.756228799999999
224, ,taxiway,73.359253499999994,30.727860100000001
225, ,taxiway,73.359290999999999,30.754449600000001
226, ,taxiway,73.358392699999996,30.728609700000000
227, ,taxiway,73.358433700000006,30.753653700000001
228, ,runway,72.275748199999995,30.770417399999999
229, ,taxiway,72.153019999999998,30.084133500000000
230, ,taxiway,72.158527699999993,30.077486499999999
231, ,taxiway,72.158620299999995,30.077769499999999
232, ,runway,72.147934000000006,30.104342899999999
233, ,taxiway,72.151454500000000,30.104862900000001
234, ,taxiway,72.156038199999998,30.082331300000000
235, ,taxiway,72.157985800000006,30.078680800000001
236, ,taxiway,72.155473599999993,30.084583800000001
237, ,taxiway,72.158169099999995,30.078304800000002
238, ,taxiway,72.151304300000007,30.105447600000002
239, ,taxiway,72.151857399999997,30.099008000000001
240, ,taxiway,62.328656400000000,25.232951700000001
241, ,taxiway,68.794054299999999,27.719843099999999
242, ,taxiway,68.783360200000004,27.731395400000000
243, ,taxiway,68.792878999999999,27.721112800000000
244, ,taxiway,68.781649400000006,27.730960199999998
245, ,taxiway,68.780662300000003,27.731435300000001
246, ,taxiway,68.782133400000006,27.731397300000001
247, ,taxiway,68.783014899999998,27.731322800000001
248, ,runway,70.553925599999999,30.334112300000001
249, ,taxiway,71.558996699999994,32.555314400000000
250, ,taxiway,71.555799500000006,32.554030200000000
251, ,taxiway,71.585496899999995,32.568082199999999
252, ,taxiway,71.563369699999996,32.558926300000003
253, ,taxiway,71.553782499999997,32.559582599999999
254, ,taxiway,71.586483999999999,32.568407700000002
255, ,runway,71.555713600000004,32.557141000000001
256, ,taxiway,71.556614900000000,32.554409999999997
257, ,taxiway,71.555713600000004,32.557141000000001
258, ,taxiway,71.558991300000002,32.567373300000000
259, ,taxiway,71.577858100000000,32.565665099999997
260, ,taxiway,71.584874600000006,32.569438499999997
261, ,taxiway,71.554659400000006,32.558228700000001
262, ,taxiway,70.519405899999995,32.973152499999998
263, ,runway,70.515080900000001,32.969301899999998
264, ,runway,69.161352800000003,27.819279699999999
265, ,runway,73.643500399999994,33.045325099999999
266, ,taxiway,67.037691199999998,30.236216100000000
267, ,runway,66.740071099999994,29.932793900000000
268, ,runway,74.124285099999994,32.234080100000000
269, ,taxiway,74.133339000000007,32.240475400000001
270, ,taxiway,74.131854099999998,32.236788799999999
271, ,taxiway,74.133170800000002,32.237701600000001
272, ,taxiway,74.133692400000001,32.239683499999998
273, ,runway,63.132654600000002,26.258320600000001
274, ,runway,63.123127400000001,26.250045700000001
275, ,runway,74.379093499999996,32.549472000000002
276, ,taxiway,74.363523099999995,32.535440999999999
277, ,taxiway,66.948072400000001,30.243546200000001
278, ,taxiway,66.949969999999993,30.239150299999999
279, ,taxiway,66.948153399999995,30.240478000000000
280, ,taxiway,66.953864600000003,30.240021800000001
281, ,runway,73.026808500000001,33.567481899999997
282, ,taxiway,73.029769700000003,33.561670900000003
283, ,taxiway,73.039176299999994,33.553466299999997
284,New Islamabad Airport,runway,72.804959499999995,33.551381999999997
285, ,taxiway,73.101686599999994,33.610854099999997
286, ,taxiway,73.084809500000006,33.615310299999997
287, ,taxiway,73.083852100000001,33.617390899999997
288, ,taxiway,73.085131599999997,33.616453999999997
289, ,taxiway,73.083973400000005,33.617069399999998
290, ,taxiway,73.087431300000006,33.621823499999998
291, ,taxiway,73.085530300000002,33.621207800000001
292, ,taxiway,74.400548700000002,31.516616100000000
293, ,taxiway,74.403517899999997,31.523790699999999
294, ,taxiway,74.394706900000003,31.519090500000001
295, ,taxiway,74.394726300000002,31.522192199999999
296, ,runway,74.687060700000004,32.235463699999997
297, ,runway,75.120128699999995,32.201730200000000
298, ,runway,74.058184199999999,32.634408600000000
299, ,runway,74.065100200000003,32.611159100000002
300, ,taxiway,74.065100200000003,32.611159100000002
301, ,taxiway,74.362131199999993,32.534186599999998
302, ,taxiway,73.034526799999995,33.559898500000003
303, ,taxiway,73.036834900000002,33.561444999999999
304, ,taxiway,73.039519999999996,33.561359099999997
305, ,taxiway,67.112599500000002,24.879729300000001
306, ,runway,72.786810099999997,32.899679399999997
307, ,taxiway,72.783201899999995,32.900382800000003
308, ,taxiway,72.779133200000004,32.906306100000002
309, ,taxiway,72.763116400000001,32.917688599999998
310,M1,runway,72.441001600000007,33.976093499999998
311, ,taxiway,72.458440800000005,33.948535600000000
312, ,taxiway,72.441001600000007,33.976093499999998
313, ,runway,72.846391400000002,33.546831400000002
314, ,runway,73.023525000000006,32.625030700000003
315, ,taxiway,72.724029700000003,31.993672400000001
316, ,runway,75.522048600000005,35.343924500000000
317, ,taxiway,73.797839300000007,33.848538900000001
318, ,taxiway,73.797996600000005,33.848280699999997
319, ,taxiway,73.799086900000006,33.848061899999998
320, ,taxiway,68.450849399999996,28.282531299999999
321, ,runway,68.458004700000004,28.272684099999999
322, ,runway,68.459304599999996,28.273411800000002
323, ,taxiway,68.459304599999996,28.273411800000002
324, ,taxiway,63.028647300000003,25.986205399999999
325, ,runway,61.647519400000000,29.048302899999999
326, ,taxiway,68.878554800000003,26.966831200000001
327, ,taxiway,68.879855699999993,26.966429000000002
328, ,runway,68.874571599999996,26.960930699999999
329, ,taxiway,69.152713899999995,27.199993400000000
330, ,taxiway,69.152775700000007,27.201222099999999
331, ,taxiway,69.153038800000004,27.200496099999999
332, ,runway,69.159283000000002,27.197828800000000
333, ,taxiway,70.275592900000007,28.371180899999999
334, ,taxiway,70.285337600000005,28.393809099999999
335, ,taxiway,70.283342399999995,28.397388500000002
336, ,taxiway,70.285734800000000,28.394165600000001
337, ,taxiway,70.285874300000003,28.394670600000001
338, ,taxiway,70.284702400000000,28.395078900000001
339, ,taxiway,70.282127799999998,28.393244800000002
340, ,taxiway,70.281808299999994,28.392166100000001
341, ,taxiway,70.284318499999998,28.391144100000002
342, ,taxiway,70.281880099999995,28.392408700000001
343, ,runway,69.596097000000000,28.465919199999998
344, ,taxiway,68.441413900000001,28.295515300000002
345, ,taxiway,68.451982500000000,28.293385199999999
346, ,taxiway,68.459202899999994,28.273551500000000
347, ,taxiway,68.455753000000001,28.276291799999999
348, ,taxiway,68.459028599999996,28.273269200000001
349, ,taxiway,68.445721500000005,28.292074299999999
350, ,taxiway,68.451641499999994,28.283940900000001
351, ,taxiway,68.444300499999997,28.292002600000000
352, ,taxiway,68.444171600000004,28.291720600000001
353, ,taxiway,68.452249800000004,28.283501500000000
354, ,taxiway,68.445234099999993,28.292215299999999
355, ,taxiway,68.451313499999998,28.282467300000000
356, ,taxiway,68.453880799999993,28.281255000000002
357, ,taxiway,68.443856999999994,28.292153500000001
358, ,taxiway,68.445406599999998,28.292506899999999
359, ,taxiway,68.443682699999997,28.291860799999998
360, ,taxiway,68.445851899999994,28.292356999999999
361, ,taxiway,68.453814100000002,28.280955899999999
362, ,taxiway,68.451245599999993,28.284484899999999
363, ,taxiway,68.452180200000001,28.283200799999999
364, ,taxiway,68.443863300000004,28.295393000000001
365, ,taxiway,68.440376599999993,28.295559300000001
366, ,taxiway,68.441413900000001,28.295515300000002
367, ,taxiway,68.439500499999994,28.295921499999999
368, ,taxiway,68.440376599999993,28.295559300000001
369, ,taxiway,68.440376599999993,28.295559300000001
370, ,taxiway,68.439500499999994,28.295921499999999
371, ,runway,68.459513000000001,28.270642700000000
372, ,runway,68.439814100000007,28.297750300000001
373, ,taxiway,68.366314000000003,25.318249000000002
374, ,runway,68.368324700000002,25.322055800000001
375, ,taxiway,69.086976800000002,25.690851500000001
376, ,taxiway,69.069672400000002,25.676696400000001
377, ,taxiway,69.067290600000007,25.677615299999999
378, ,taxiway,69.067967100000004,25.677588199999999
379, ,runway,69.060452400000003,25.671444500000000
380, ,runway,69.083776099999994,25.692465599999998
381, ,taxiway,69.087777299999999,25.688454900000000
382, ,taxiway,69.085108099999999,25.691235400000000
383, ,taxiway,69.085112100000003,25.690611700000002
384, ,taxiway,69.086781599999995,25.684508699999999
385, ,taxiway,69.083341799999999,25.692074399999999
386, ,taxiway,69.085996899999998,25.691319600000000
387, ,runway,69.774292200000005,25.527874700000002
388, ,taxiway,69.085891700000005,25.691412199999998
389, ,taxiway,69.087195500000007,25.684376100000001
390, ,taxiway,69.087092900000002,25.684223500000002
391, ,taxiway,69.086901900000001,25.691116900000001
392, ,taxiway,69.088194500000000,25.688515500000001
393, ,taxiway,69.088114899999994,25.686601599999999
394, ,taxiway,69.088060400000003,25.686432700000001
395, ,taxiway,69.088149299999998,25.688687200000000
396, ,taxiway,69.087817400000006,25.688616100000001
397, ,taxiway,69.060882199999995,25.673350200000002
398, ,taxiway,69.062017999999995,25.674077100000002
399, ,taxiway,69.060963900000004,25.673609800000001
400, ,taxiway,69.061672700000003,25.673864699999999
401, ,taxiway,69.083549899999994,25.693770199999999
402, ,taxiway,69.082739200000006,25.692739700000001
403, ,taxiway,69.083266199999997,25.693692100000000
404, ,taxiway,69.082981000000004,25.693055699999999
405, ,taxiway,69.082981300000000,25.692877299999999
406, ,taxiway,62.334576200000001,25.235742699999999
407, ,taxiway,62.337363500000002,25.234194200000001
408, ,runway,62.367921500000001,25.098851400000001
409, ,runway,68.384317100000004,26.205578500000001
410, ,runway,68.395820200000003,26.233289400000000
411, ,taxiway,69.463906399999999,31.358300799999999
412, ,taxiway,70.888377300000002,31.910681499999999
413, ,taxiway,71.513109200000002,33.995339100000002
414, ,taxiway,72.151004700000001,30.077117999999999
415, ,runway,72.157117299999996,30.078026500000000
416, ,runway,73.893843700000005,32.818939899999997
417, ,runway,69.579993900000005,32.305036000000001
418, ,taxiway,74.330919600000001,35.918044600000002
419, ,taxiway,74.331936200000001,35.918972199999999
420, ,taxiway,71.518630099999996,33.992893600000002
421, ,runway,70.709966300000005,25.008731099999999
422, ,runway,70.615163600000002,25.662554499999999
423, ,runway,69.833769300000000,32.696002100000001
424, ,taxiway,74.792350700000000,31.697825699999999
425, ,taxiway,74.791569800000005,31.700244999999999
426, ,taxiway,74.792515100000003,31.718255700000000
427, ,taxiway,74.797803700000003,31.708880700000002
428, ,taxiway,74.799465699999999,31.701818299999999
429, ,taxiway,74.807292000000004,31.710153800000001
430, ,taxiway,74.795769399999998,31.709460600000000
431, ,taxiway,74.801786300000003,31.697295600000000
432, ,taxiway,74.804647500000002,31.696468899999999
433, ,taxiway,74.800092899999996,31.700528100000000
434, ,taxiway,74.799887999999996,31.694968500000002
435, ,taxiway,74.791492700000006,31.702454599999999
436, ,taxiway,74.800299800000005,31.695805700000001
437, ,taxiway,74.797221199999996,31.710088700000000
438, ,taxiway,74.800708799999995,31.699261300000000
439, ,taxiway,74.803164800000005,31.704728599999999
440, ,taxiway,74.804582999999994,31.696853900000001
441, ,taxiway,74.800550900000005,31.709834300000001
442, ,taxiway,74.803020399999994,31.697533199999999
443, ,taxiway,74.793827500000006,31.717126000000000
444, ,taxiway,74.800944700000002,31.694852000000001
445, ,taxiway,74.793598500000002,31.717600999999998
446, ,taxiway,74.794402399999996,31.711400099999999
447, ,taxiway,74.797367499999993,31.708723500000001
448, ,taxiway,74.793379400000006,31.695813000000001
449, ,taxiway,74.794611300000000,31.694731699999998
450, ,taxiway,74.792920400000000,31.698943499999999
451, ,taxiway,74.803418600000001,31.696630500000001
452, ,taxiway,74.793176799999998,31.702041500000000
453, ,taxiway,74.799861899999996,31.703550400000001
454, ,taxiway,74.794889600000005,31.693656799999999
455, ,taxiway,74.791047100000000,31.701927900000001
456, ,taxiway,74.796408400000004,31.695424899999999
457, ,taxiway,74.793150800000006,31.718529199999999
458, ,taxiway,74.804569400000005,31.697758499999999
459, ,taxiway,74.792981400000002,31.696563099999999
460, ,taxiway,74.792369300000004,31.702774500000000
461, ,taxiway,74.793650999999997,31.702679600000000
462,16/34,runway,74.802902000000003,31.697794699999999
463, ,taxiway,74.349122600000001,31.490443899999999
464, ,taxiway,74.350623499999998,31.490973100000001
465, ,taxiway,71.517133299999998,33.980668799999997
466, ,taxiway,71.515889599999994,33.999525800000001
467, ,taxiway,71.515971399999998,34.000039100000002
468, ,taxiway,71.515665400000003,33.998422900000001
469, ,taxiway,71.516277500000001,33.998484200000000
470, ,taxiway,71.517284300000000,33.983948499999997
471, ,taxiway,71.519658399999997,33.980373299999997
472, ,taxiway,71.519145899999998,33.980093900000000
473, ,taxiway,71.519487799999993,33.981403000000000
474, ,taxiway,71.519593999999998,33.980900800000001
475, ,taxiway,71.518467700000002,33.979666600000002
476, ,taxiway,71.517894600000005,33.979681300000003
477, ,taxiway,71.519447200000002,33.982116699999999
478, ,taxiway,71.519496200000006,33.982655800000003
479, ,runway,70.059435399999998,33.026354800000000
480, ,taxiway,70.567021299999993,27.867843799999999
481, ,taxiway,67.038684200000006,30.234737800000001
482, ,taxiway,67.042855200000005,30.233251400000000
483, ,taxiway,67.043373900000006,30.239122999999999
484, ,runway,72.314014299999997,31.902596200000001
485, ,runway,72.661658700000004,32.053203500000002
486, ,runway,72.682449899999995,32.032374099999998
487, ,runway,72.662212999999994,32.053461100000000
488, ,runway,72.253469499999994,33.532773400000004
489, ,taxiway,75.544317699999993,35.331917799999999
490, ,taxiway,75.546332300000003,35.332992300000001
491, ,runway,70.485775500000003,29.971378999999999
492, ,taxiway,70.485618000000002,29.960677900000000
493, ,taxiway,70.486155800000006,29.961100399999999
494, ,taxiway,72.147982299999995,30.104152200000001
495, ,taxiway,72.150782100000001,30.076792200000000
496, ,taxiway,72.147799000000006,30.080732900000001
497, ,runway,72.150415499999994,30.104758900000000
498, ,runway,72.157737100000006,30.075553700000000
499, ,taxiway,72.154015299999998,30.076780899999999
500, ,taxiway,72.148788800000005,30.078932399999999
501, ,taxiway,72.153581099999997,30.076515799999999
502, ,taxiway,72.154015299999998,30.076780899999999
503, ,taxiway,72.148788800000005,30.078932399999999
504, ,taxiway,72.146853600000000,30.080495299999999
505, ,taxiway,72.148343600000004,30.078738600000001
506, ,taxiway,72.147347100000005,30.080577699999999
507, ,runway,71.733097999999998,29.350796400000000
508, ,taxiway,71.705077799999998,29.346003199999998
509, ,runway,71.703743500000002,29.345775000000000
510, ,runway,64.414956500000002,28.868220099999998
511, ,taxiway,64.403288300000000,28.875076400000001
512, ,taxiway,64.403288300000000,28.875076400000001
513, ,taxiway,64.403243300000000,28.874928799999999
514, ,taxiway,64.403534699999994,28.875374200000000
515, ,taxiway,64.403534699999994,28.875374200000000
516, ,runway,66.022283400000006,29.537482600000001
517, ,taxiway,62.730664200000000,28.822700399999999
518, ,taxiway,62.730849599999999,28.822762900000001
519, ,taxiway,62.730945300000002,28.822905800000001
520, ,runway,62.731764800000001,28.814657199999999
521, ,taxiway,71.517874000000006,33.983014900000001
522, ,taxiway,71.517633599999996,33.985600499999997
523, ,taxiway,71.517713200000003,33.985125500000002
524, ,taxiway,71.516864799999993,34.000679300000002
525, ,taxiway,71.517471400000005,34.000720399999999
526, ,taxiway,71.517471400000005,34.000720399999999
527, ,taxiway,71.518039900000005,33.999670899999998
528, ,taxiway,71.517868000000007,33.999016699999999
529, ,taxiway,71.518079599999993,33.999448500000000
530, ,taxiway,71.517302500000000,33.999037100000002
531, ,taxiway,71.515174799999997,34.006714199999998
532, ,taxiway,71.514423399999998,33.995392000000002
533, ,taxiway,71.514981000000006,33.988734200000003
534, ,taxiway,71.504924200000005,33.998709300000002
535, ,taxiway,71.507360300000002,33.999336399999997
536, ,taxiway,71.503069199999999,33.999456000000002
537, ,taxiway,71.516920099999993,34.001185200000002
538, ,taxiway,71.517129199999999,34.001631799999998
539, ,taxiway,71.517129199999999,34.001631799999998
540, ,taxiway,71.516834200000005,34.001844699999999
541, ,taxiway,71.516068500000003,34.002556700000000
542, ,taxiway,71.516345000000001,34.003034900000003
543, ,taxiway,71.515174900000005,34.004319899999999
544, ,taxiway,71.515460000000004,34.003813700000002
545, ,runway,67.848652000000001,29.570393400000000
546, ,runway,68.392911100000006,26.231916500000001
547, ,taxiway,68.386852000000005,26.220448900000001
548, ,taxiway,68.387163400000006,26.221617299999998
549, ,taxiway,68.385274899999999,26.207894000000000
550, ,taxiway,68.390571300000005,26.226092099999999
551, ,taxiway,68.392384800000002,26.230592500000000
552, ,runway,66.921809300000007,24.940581500000000
553, ,taxiway,63.357495000000000,25.296244300000001
554, ,taxiway,63.356045500000000,25.295490399999998
555, ,taxiway,63.356840900000002,25.296088699999999
556, ,taxiway,63.356573599999997,25.295770000000001
557, ,taxiway,63.333150000000003,25.282260099999998
558, ,taxiway,63.332615199999999,25.282338899999999
559, ,taxiway,63.333449700000003,25.282809000000000
560, ,taxiway,63.333936899999998,25.283129599999999
561, ,taxiway,63.348289000000001,25.292347199999998
562, ,taxiway,63.347400700000001,25.291849899999999
563, ,runway,69.058810899999997,28.951373199999999
564, ,taxiway,61.801740400000000,25.067378500000000
565,Chashama Air Strip,runway,71.453548400000003,32.422838800000001
566, ,taxiway,71.567908700000004,32.564658899999998
567, ,taxiway,71.566128800000001,32.564520000000002
568, ,taxiway,71.552733000000003,32.562399100000000
569, ,taxiway,72.844640600000005,33.545194700000003
570, ,taxiway,72.806354600000006,33.551164499999999
571, ,taxiway,72.817743399999998,33.549388700000002
572, ,taxiway,72.816153900000003,33.551555100000002
573, ,taxiway,72.823971000000000,33.548417700000002
574, ,taxiway,72.825946500000001,33.551925699999998
575, ,taxiway,72.825361500000000,33.554809599999999
576, ,taxiway,72.829278599999995,33.547590100000001
577, ,taxiway,72.834154200000000,33.546829899999999
578, ,taxiway,66.970660499999994,30.550093300000000
579, ,taxiway,66.970436300000003,30.560715399999999
580, ,runway,66.976089299999998,30.548975299999999
581, ,taxiway,66.976089299999998,30.548975299999999
582, ,runway,66.980488199999996,30.565642100000002
583, ,runway,68.609770699999999,30.355684400000001
584, ,taxiway,66.932677600000005,30.250756299999999
585, ,taxiway,66.932546099999996,30.250369400000000
586, ,taxiway,66.932677600000005,30.250756299999999
587, ,taxiway,66.931079699999998,30.250607500000001
588, ,taxiway,66.930521700000000,30.250994400000000
589, ,taxiway,66.930862399999995,30.250802100000001
590, ,taxiway,66.932834499999998,30.251796599999999
591, ,taxiway,66.932578300000003,30.252053799999999
592, ,taxiway,66.932834499999998,30.251796599999999
593, ,taxiway,66.929754599999995,30.249658600000000
594, ,taxiway,66.929856599999994,30.249287899999999
595, ,taxiway,66.946755800000005,30.238676600000002
596, ,taxiway,66.946482200000005,30.238890999999999
597, ,taxiway,66.946095999999997,30.236418400000002
598, ,taxiway,66.945310800000001,30.237764200000001
599, ,taxiway,66.945080099999998,30.237195300000000
600, ,taxiway,66.945347699999999,30.237365000000000
601, ,taxiway,66.954327000000006,30.239843900000000
602, ,taxiway,66.954368599999995,30.239999200000000
603, ,taxiway,66.953668199999996,30.242547200000001
604, ,taxiway,66.952467400000003,30.242015899999998
605, ,taxiway,66.951112699999996,30.243779400000001
606, ,taxiway,66.950971899999999,30.243899899999999
607, ,taxiway,66.949714599999993,30.243993100000001
608, ,taxiway,66.949549700000006,30.244061500000001
609, ,taxiway,66.950273199999998,30.239800800000001
610, ,taxiway,66.949547699999997,30.240212100000001
611, ,taxiway,66.948680600000003,30.241265800000001
612, ,taxiway,66.947943699999996,30.241574600000000
613, ,taxiway,66.952590999999998,30.241171099999999
614, ,taxiway,66.952464199999994,30.240780099999998
615, ,taxiway,66.952464199999994,30.240780099999998
616, ,taxiway,74.402065199999996,31.523043200000000
617, ,taxiway,74.404321499999995,31.507176800000000
618, ,runway,74.404294899999996,31.505315700000001
619, ,runway,74.404850100000004,31.537806499999999
620, ,taxiway,74.402421000000004,31.529677199999998
621, ,taxiway,74.402737200000004,31.529097400000001
622, ,taxiway,74.402750600000005,31.529834200000000
623, ,taxiway,74.402473599999993,31.529671600000000
624, ,taxiway,74.402683699999997,31.526166900000000
625, ,taxiway,74.404601299999996,31.527691399999998
626, ,taxiway,74.404032700000002,31.528504699999999
627, ,taxiway,74.404721100000003,31.528804200000000
628, ,taxiway,74.404046100000002,31.527794300000000
629, ,taxiway,74.406825900000001,31.528579499999999
630, ,taxiway,74.406112699999994,31.528034300000002
631, ,taxiway,74.404716800000003,31.528572300000000
632, ,taxiway,74.404844800000006,31.535498700000002
633, ,taxiway,74.402806400000003,31.532894299999999
634, ,taxiway,74.398740000000004,31.512317400000001
635, ,taxiway,74.398651500000000,31.512493500000001
636, ,taxiway,74.400146800000002,31.513526500000001
637, ,taxiway,74.399955000000006,31.513602500000001
638, ,taxiway,74.405038599999997,31.515192200000001
639, ,taxiway,74.405939900000007,31.515185299999999
640, ,taxiway,74.343264899999994,31.497708700000000
641, ,taxiway,74.347852000000003,31.491233999999999
642, ,taxiway,74.347556900000001,31.491816600000000
643, ,runway,75.522379000000001,35.343405599999997
644, ,runway,75.535545499999998,35.322689099999998
645, ,runway,75.553449299999997,35.324281700000000
646, ,runway,75.529360299999993,35.354671400000001
647, ,taxiway,75.550821700000000,35.326062600000000
648, ,taxiway,75.530662599999999,35.329015699999999
649, ,taxiway,75.531050899999997,35.328324199999997
650, ,taxiway,75.532452699999993,35.351557700000001
651, ,taxiway,75.532191200000000,35.352490799999998
652, ,taxiway,75.532191200000000,35.352490799999998
653, ,taxiway,75.532059099999998,35.353118899999998
654, ,taxiway,75.532987000000006,35.351852000000001
655, ,taxiway,75.532657099999994,35.352322299999997
656, ,taxiway,75.551375100000001,35.325249999999997
657, ,taxiway,75.551698500000001,35.325080000000000
658, ,taxiway,75.551224599999998,35.325575100000002
659, ,taxiway,75.551043199999995,35.325794100000003
660, ,taxiway,71.804337700000005,35.893099200000002
661, ,taxilane,71.798181799999995,35.881788600000000
662, ,taxiway,71.797718500000002,35.881867499999998
663, ,taxiway,71.797400699999997,35.882284900000002
664, ,taxilane,71.798246199999994,35.881799399999998
665, ,runway,70.591561900000002,33.392988299999999
666, ,taxiway,72.839810499999999,33.549768800000002
667, ,stopway,71.513346400000003,34.008513600000001
668, ,stopway,71.515883799999997,33.978549800000003
669,08/26,runway,72.241371999999998,29.538104900000000
670, ,taxiway,73.091980300000003,33.614755600000002
671, ,taxiway,73.108721500000001,33.612279500000000
672,Runway: Qadirpur Gas Plant,runway,69.362654100000000,28.055204499999999
673, ,taxiway,71.418676199999993,30.197147099999999
674, ,taxiway,66.945371499999993,24.914086699999999
675, ,taxiway,66.946157400000004,24.915182800000000
676, ,taxiway,66.945095199999997,24.914856799999999
677, ,taxiway,66.943950299999997,24.914445499999999
678, ,taxiway,66.943340500000005,24.911458900000000
679, ,taxiway,66.942946199999994,24.913118099999998
680, ,taxiway,66.944958600000007,24.912908000000002
681, ,taxiway,66.942031400000005,24.909773800000000
682, ,taxiway,66.941605600000003,24.910260500000000
683, ,taxiway,66.941856599999994,24.906783399999998
684, ,taxiway,66.942134899999999,24.905523100000000
685, ,taxiway,66.940027099999995,24.906130699999999
686, ,taxiway,66.938345799999993,24.909244300000001
687, ,taxiway,66.943780399999994,24.904226300000001
688, ,taxiway,66.942490800000002,24.903516400000001
689, ,taxiway,66.941795600000006,24.904766400000000
690, ,taxiway,66.936270199999996,24.906907799999999
691, ,taxiway,66.935321400000007,24.905019700000000
692, ,taxiway,66.934963900000000,24.904621599999999
693, ,taxiway,66.934396500000005,24.903534799999999
694, ,taxiway,66.934912800000006,24.903564299999999
695, ,taxiway,66.934785899999994,24.902459700000001
696, ,taxiway,66.935835600000004,24.902251600000000
697, ,taxiway,66.934294699999995,24.901239000000000
698, ,taxiway,66.936319400000002,24.903586399999998
699, ,taxiway,66.935811299999997,24.903756000000001
700, ,taxiway,66.935803600000000,24.905098899999999
701, ,taxiway,66.936144600000006,24.905183099999999
702, ,taxiway,66.944727099999994,24.903082999999999
703, ,taxiway,66.944654700000001,24.903624799999999
704, ,taxiway,66.945447599999994,24.903144600000001
705, ,taxiway,66.946044000000001,24.904098999999999
706, ,taxiway,66.947686899999994,24.902738899999999
707, ,taxiway,66.935266499999997,24.887058799999998
708, ,taxiway,66.958204300000006,24.893082400000001
709, ,taxiway,66.954869400000007,24.892693800000000
710, ,taxiway,66.955116099999998,24.893100600000000
711, ,taxiway,66.955585299999996,24.894161799999999
712, ,taxiway,66.955811600000004,24.894611800000000
713, ,taxiway,66.954011499999993,24.897353800000001
714, ,taxiway,66.952755199999999,24.896760100000002
715, ,taxiway,66.953282700000003,24.896754999999999
716, ,taxiway,66.953805299999999,24.896087999999999
717, ,taxiway,66.959400599999995,24.895883699999999
718, ,taxiway,66.958950099999996,24.895879200000000
719, ,taxiway,66.957749199999995,24.896262700000001
720, ,taxiway,66.957209300000002,24.896334499999998
721, ,taxiway,66.957668799999993,24.895034700000000
722, ,taxiway,66.957768900000005,24.894008599999999
723, ,taxiway,66.958479600000004,24.894439899999998
724, ,taxiway,66.959090300000000,24.894149400000000
725, ,taxiway,66.958975100000004,24.892869000000001
726, ,taxiway,66.959635800000001,24.893200499999999
727, ,taxiway,66.959205400000002,24.892169899999999
728, ,taxiway,66.960736999999995,24.892033699999999
729, ,taxiway,66.960376600000004,24.892800900000001
730, ,taxiway,66.960636899999997,24.892460400000001
731, ,taxiway,66.950717400000002,24.900505700000000
732, ,taxiway,66.949528500000000,24.901415900000000
733, ,taxiway,66.949947399999999,24.901036500000000
734, ,taxiway,66.951154200000005,24.900110500000000
735, ,taxiway,66.943878900000001,24.885384999999999
736, ,taxiway,66.929724100000001,24.883654100000001
737, ,taxiway,66.931146200000001,24.883766500000000
738, ,taxiway,66.930465299999994,24.883558300000001
739, ,taxiway,66.927732399999996,24.891156299999999
740, ,taxiway,66.925995299999997,24.890960799999998
741, ,taxiway,66.925212099999996,24.896460800000000
742, ,taxiway,66.924940899999996,24.896846499999999
743, ,taxiway,66.925889900000001,24.895924200000000
744, ,taxiway,66.926986799999995,24.895723000000000
745, ,taxiway,66.928558100000004,24.896231700000001
746, ,taxiway,66.928903199999993,24.895935399999999
747, ,taxiway,66.927676899999994,24.895398799999999
748, ,taxiway,66.927218800000006,24.888071799999999
749, ,taxiway,67.230707400000000,24.968249100000001
750, ,taxiway,67.234615000000005,24.968726199999999
751, ,taxiway,67.229915800000001,24.968142600000000
752, ,taxiway,67.220790100000002,24.969305100000000
753, ,taxiway,67.219755599999999,24.972626300000002
754, ,taxiway,67.228981599999997,24.972490300000000
755, ,taxiway,67.229593100000002,24.973939500000000
756, ,taxiway,67.221449899999996,24.971391300000001
757, ,runway,67.177915600000006,24.953579399999999
758, ,taxiway,67.168334799999997,24.952441300000000
759, ,runway,67.164407999999995,24.946760399999999
760, ,taxiway,67.178033600000006,24.948920000000001
761, ,runway,67.664251399999998,26.749223499999999
762, ,taxiway,67.667153299999995,26.737705900000002
763, ,taxiway,67.506852899999998,26.191080599999999
764, ,runway,68.027418900000001,25.231487399999999
765, ,runway,68.046672900000004,25.256477799999999
766, ,taxiway,68.027760400000005,25.229133699999998
767, ,taxiway,68.026924199999996,25.234689899999999
768, ,taxiway,68.027451400000004,25.229369100000000
769, ,taxiway,68.028817399999994,25.230104600000001
770, ,taxiway,68.028801099999995,25.230516500000000
771, ,taxiway,68.034537900000004,25.244548500000001
772, ,taxiway,68.033898300000004,25.242384600000001
773, ,taxiway,68.032396199999994,25.240727300000000
774, ,taxiway,68.044613400000003,25.250451399999999
775, ,taxiway,68.040826100000004,25.250027700000000
776, ,taxiway,68.051172399999999,25.254452400000002
777, ,runway,67.753511399999994,24.835439500000000
778, ,taxiway,67.749026799999996,24.845506799999999
779, ,taxiway,67.745785699999999,24.827277500000001
780, ,taxiway,67.770377199999999,24.837795700000001
781, ,taxiway,67.169935199999998,24.904359899999999
782, ,taxiway,72.844399199999998,33.549054900000002
783, ,runway,73.800939600000007,32.087370800000002
784, ,taxiway,73.779039299999994,32.071679899999999
785, ,taxiway,73.786218000000005,32.076823500000003
786, ,taxiway,73.800486899999996,32.087046500000000
787, ,taxiway,73.802991100000000,32.084996500000003
788, ,taxiway,73.785681900000000,32.076439399999998
789, ,runway,63.015539099999998,25.982733400000001
790, ,taxiway,63.028336000000003,25.984135299999998
791, ,taxiway,63.031148799999997,25.986476000000000
792, ,taxiway,73.002351500000003,31.371115400000001
793, ,taxiway,63.028661300000003,25.981217999999998
794, ,taxiway,63.028643099999996,25.981380399999999
795, ,runway,70.986047200000002,30.195053099999999
796, ,jet_bridge,73.076359299999993,34.823138299999997
797, ,jet_bridge,71.818005600000006,36.061568999999999
798, ,jet_bridge,71.820117100000004,36.060746399999999