radio,mcc,net,area,cell,unit,lon,lat,range,samples,changeable,created,updated,averageSignal
GSM,410,7,2023,40272,0,73.07487488,31.38999939,1000,1,1,1459768996,1459768996,0
GSM,410,3,53340,33939,0,74.08699036,31.88163757,1000,1,1,1459746647,1459746647,0
GSM,410,7,2023,18032,0,73.07624817,31.39549255,1000,1,1,1459768996,1459768996,0
GSM,410,7,2023,41051,0,73.0721283,31.38313293,1000,1,1,1459768996,1459768996,0
GSM,410,7,401,702,0,73.08036804,31.4188385,1000,1,1,1459659266,1459659266,0
GSM,410,7,401,28872,0,73.08174133,31.4188385,1000,1,1,1459659266,1459659266,0
GSM,410,7,401,732,0,73.07899475,31.42295837,1000,1,1,1459768990,1459768990,0
GSM,410,7,2023,18043,0,73.07624817,31.39549255,1000,1,1,1459768996,1459768996,0
GSM,410,7,401,28871,0,73.08311462,31.4188385,1000,1,1,1459659266,1459659266,0
GSM,410,7,401,28873,0,73.08036804,31.4188385,1000,1,1,1459659266,1459659266,0
GSM,410,6,690,31831,0,73.15452576,31.45317078,1000,1,1,1459683953,1459683953,0
GSM,410,3,58809,15068,0,73.1803,33.533053,4786,13,1,1459707955,1510586584,0
GSM,410,6,690,37083,0,73.1627655,31.45591736,1000,1,1,1459683953,1459683953,0
GSM,410,6,715,31083,0,73.08998108,31.42433167,1000,1,1,1459683953,1459683953,0
GSM,410,3,59921,16258,0,67.0337677,24.88471985,1000,1,1,1459692578,1459692578,0
GSM,410,3,53305,23710,0,74.061813,31.793289,1000,3,1,1459786717,1491820641,0
GSM,410,3,53305,13822,0,74.03617859,31.80473328,1000,1,1,1459746647,1459746647,0
GSM,410,3,53305,13824,0,74.07051086,31.8624115,1000,1,1,1459746647,1459746647,0
GSM,410,7,2023,18113,0,73.050842,31.404076,1000,8,1,1459813070,1473895630,0
GSM,410,7,2023,40233,0,73.06938171,31.39823914,1000,1,1,1459768996,1459768996,0
GSM,410,7,2023,40932,0,73.072128,31.374207,1000,2,1,1459813070,1481714256,0
GSM,410,3,53305,13516,0,74.06776428,31.82807922,1000,1,1,1459746641,1459746641,0
GSM,410,7,2023,40271,0,73.07487488,31.39686584,1000,1,1,1459768996,1459768996,0
GSM,410,7,401,40693,0,73.06388855,31.42158508,1000,1,1,1459768990,1459768990,0
GSM,410,3,53305,33710,0,74.08836365,31.79786682,1000,1,1,1459746647,1459746647,0
GSM,410,7,402,40733,0,73.03504944,31.40098572,1000,1,1,1341222963,1341222963,0
GSM,410,6,130,49103,0,71.26625061,29.13780212,1000,19,1,1345211219,1349514967,0
GSM,410,7,103,17001,0,74.42070007,31.59049988,1000,3,1,1346656458,1346656458,0
GSM,410,3,58809,28188,0,73.172215,33.526121,1847,42,1,1347369749,1473559441,0
GSM,410,1,564,25393,0,68.852005,27.6889801,1000,5,1,1349092851,1349092851,0
GSM,410,1,564,36486,0,68.852005,27.6889801,1000,1,1,1348981458,1348981458,0
GSM,410,1,564,35393,0,68.852005,27.6889801,1000,2,1,1349092835,1349092835,0
GSM,410,1,564,25925,0,68.852005,27.6889801,1000,1,1,1349092866,1349092866,0
GSM,410,3,57705,17093,0,74.31221008,31.52870178,1000,7,1,1350108251,1350108251,0
GSM,410,3,57705,27093,0,74.312075,31.528352,1000,51,1,1350111935,1350111935,0
GSM,410,3,57705,37093,0,74.307472,31.527466,1000,20,1,1350137006,1444360204,0
GSM,410,3,57700,13051,0,74.301596,31.525297,1000,48,1,1350137007,1442001998,0
GSM,410,3,57700,37212,0,74.29710388,31.52183533,1000,1,1,1350117115,1350117115,0
GSM,410,3,57700,27212,0,74.29710388,31.52183533,1000,1,1,1350117117,1350117117,0
GSM,410,3,57700,33051,0,74.296646,31.521835,1000,3,1,1350137007,1468504926,0
GSM,410,3,57700,37329,0,74.29710388,31.52183533,1000,3,1,1350117193,1350117193,0
GSM,410,3,54403,25025,0,71.391844,30.106472,1350,11,1,1351135295,1488093782,0
GSM,410,3,54403,24103,0,71.395929,30.109308,1306,7,1,1351135295,1427092564,0
GSM,410,3,54403,35857,0,71.403122,30.10849,1000,6,1,1351135295,1481352888,0
GSM,410,3,54403,25007,0,71.446609,30.123711,1117,12,1,1351135295,1481352888,0
GSM,410,1,633,31479,0,72.440709,34.927989,1000,14,1,1353138751,1353138751,0
GSM,410,6,325,34201,0,67.04200745,24.88471985,1000,5,1,1353598489,1353598489,0
GSM,410,4,4001,64324,0,74.41795349,31.47789001,1000,5,1,1353659283,1353659283,0
GSM,410,7,401,40413,0,73.050025,31.409814,1836,21,1,1353765967,1477261910,0
GSM,410,4,4001,64325,0,74.417953,31.477814,1000,18,1,1353932460,1354061157,0
GSM,410,4,4003,31836,0,73.774303,31.555953,18935,377,1,1353910443,1353910443,0
GSM,410,4,4003,34644,0,73.963791,31.676783,3390,76,1,1353910925,1353910925,0
GSM,410,4,4003,19284,0,73.995666,31.68457,1000,2,1,1353910939,1353910939,0
GSM,410,4,4003,32425,0,74.026056,31.696355,3260,62,1,1353911280,1353911280,0
GSM,410,4,3101,30856,0,74.095981,31.676573,3982,77,1,1353911716,1353911716,0
GSM,410,4,3101,49384,0,74.188638,31.641889,5602,134,1,1353912502,1353912502,0
GSM,410,4,3101,31444,0,74.23942566,31.62208557,1000,5,1,1353912664,1353912664,0
GSM,410,4,4001,44665,0,74.41795349,31.47789001,1000,2,1,1354060128,1354060128,0
GSM,410,3,54428,15797,0,70.646982,30.055246,1000,16,1,1356804590,1357612670,0
GSM,410,3,54428,14971,0,70.646409,30.055382,1000,62,1,1356804591,1489485652,0
GSM,410,1,174,34349,0,74.271011,31.517887,1000,56,1,1357645123,1357645123,0
GSM,410,1,174,24130,0,74.27101135,31.51771545,1000,1,1,1357644126,1357644126,0
GSM,410,3,54412,34920,0,70.67710876,29.78050232,1000,2,1,1356853246,1356853246,0
GSM,410,3,54428,14975,0,70.63385,30.062199,1000,8,1,1357724560,1399325766,0
GSM,410,3,54428,24971,0,70.645294,30.05127,1000,6,1,1356961933,1356961933,0
GSM,410,3,54428,14183,0,70.643757,30.049079,1000,7,1,1357724560,1489485652,0
GSM,410,3,54428,14189,0,70.643151,30.043925,1000,11,1,1356962024,1356962024,0
GSM,410,3,54428,24189,0,70.641747,30.039024,1000,8,1,1356962063,1356962063,0
GSM,410,3,54428,14188,0,70.6414032,30.03593445,1000,2,1,1356962075,1356962075,0
GSM,410,3,54428,15796,0,70.641403,30.034103,1000,3,1,1357096548,1357096548,0
GSM,410,3,54428,35159,0,70.641403,30.033531,1000,8,1,1357096563,1357096563,0
GSM,410,6,157,48063,0,70.64689636,30.05516052,1000,4,1,1357211896,1357211896,0
GSM,410,6,157,48061,0,70.64689636,30.05516052,1000,1,1,1357211869,1357211869,0
GSM,410,6,157,59982,0,70.64689636,30.05516052,1000,1,1,1357211917,1357211917,0
GSM,410,3,54428,34971,0,70.640646,30.055441,1000,49,1,1357724560,1489485652,0
GSM,410,3,54428,14979,0,70.64003,30.055504,1000,4,1,1357724560,1489742170,0
GSM,410,3,54428,35866,0,70.642468,30.05914,1000,49,1,1357724560,1489742170,0
GSM,410,3,54428,14972,0,70.627687,30.037291,2779,81,1,1357703703,1357703703,0
GSM,410,3,54428,34184,0,70.629272,30.034561,1000,6,1,1357274709,1357274709,0
GSM,410,3,54428,24972,0,70.629278,30.033925,1000,41,1,1357274731,1357274731,0
GSM,410,3,54428,15795,0,70.630134,30.03242,1000,34,1,1357703829,1357703829,0
GSM,410,3,54428,24967,0,70.626039,30.042143,1000,48,1,1357611862,1357611862,0
GSM,410,3,54428,34185,0,70.629534,30.047509,1000,14,1,1357275205,1357275205,0
GSM,410,3,54428,14185,0,70.630523,30.051358,1000,13,1,1357275276,1357275276,0
GSM,410,3,54428,35794,0,70.631161,30.053215,1000,24,1,1357612055,1357612055,0
GSM,410,3,54428,25794,0,70.63715,30.052104,1000,31,1,1357612152,1357612152,0
GSM,410,3,54428,34979,0,70.637872,30.052022,1000,7,1,1357275412,1357275412,0
GSM,410,3,54428,14977,0,70.640373,30.052414,1000,4,1,1357724565,1489485652,0
GSM,410,3,54428,24979,0,70.640202,30.053272,1000,8,1,1357724565,1489485652,0
GSM,410,3,54428,34970,0,70.646535,30.058269,1000,19,1,1357724565,1489485652,0
GSM,410,3,54428,14991,0,70.6414032,30.06202698,1000,2,1,1357365756,1357365756,0
GSM,410,3,54428,14967,0,70.624008,30.048523,1000,12,1,1357611929,1357611929,0
GSM,410,3,54428,24968,0,70.62561,30.053329,1000,6,1,1357611962,1357611962,0
GSM,410,3,54428,25795,0,70.629338,30.02691,1000,14,1,1357703907,1357703907,0
GSM,410,3,54428,14187,0,70.62841,30.024737,1000,13,1,1357703982,1357703982,0
GSM,410,3,54428,24187,0,70.625512,30.02382,1000,28,1,1357704752,1357704752,0
GSM,410,3,54428,34187,0,70.624466,30.024948,1000,3,1,1357704754,1357704754,0
GSM,410,4,6003,23394,0,68.755875,27.532082,1000,20,1,1358362725,1358853413,0
GSM,410,4,6003,20246,0,68.755875,27.532033,1000,21,1,1358363122,1358853000,0
GSM,410,3,51303,31766,0,69.7240448,25.34751892,1000,1,1,1359430536,1359430536,0
GSM,410,3,51303,39917,0,69.739837,25.34958,1603,2,1,1359450402,1431089531,0
GSM,410,7,513,14323,0,73.96843,31.715012,1000,3,1,1359634679,1428908195,0
GSM,410,1,703,23407,0,74.523937,32.475208,1603,40,1,1361312456,1361313086,0
GSM,410,1,703,13814,0,74.523582,32.4757,1000,12,1,1361313188,1361313188,0
GSM,410,1,703,33422,0,74.53434,32.488289,1000,4,1,1361311490,1361311490,0
GSM,410,1,703,23814,0,74.5236969,32.47489929,1000,2,1,1361312216,1361312216,0
GSM,410,1,847,17724,0,72.25364685,30.05653381,1000,4,1,1364543483,1364543483,0
GSM,410,1,847,30939,0,72.25364685,30.05653381,1000,6,1,1364543638,1364543638,0
GSM,410,1,602,30242,0,73.86177063,32.81410217,1000,3,1,1366310821,1366935677,0
GSM,410,7,138,10981,0,74.24047,31.469882,1289,71,1,1366740461,1484725751,0
GSM,410,7,138,10982,0,74.242389,31.470373,1000,19,1,1366740461,1484725751,0
GSM,410,7,202,21622,0,67.060841,24.828807,1000,7,1,1367424433,1465200832,0
GSM,410,7,202,20411,0,67.06192,24.830647,1000,8,1,1367424433,1477056308,0
GSM,410,3,58804,18058,0,73.050156,33.695068,1000,4,1,1369287192,1490045601,0
GSM,410,7,117,11773,0,74.380875,31.478282,1000,7,1,1369870695,1484574979,0
GSM,410,7,117,13682,0,74.380188,31.478577,1000,2,1,1369870732,1452686352,0
GSM,410,6,610,17111,0,73.71482849,32.07389832,1000,3,1,1370835781,1370835781,0
GSM,410,1,817,13443,0,70.12825,28.309708,1000,3,1,1370608301,1370608301,0
GSM,410,1,449,4241,0,73.13529968,29.61021423,1000,3,1,1370749284,1370749284,0
GSM,410,1,889,17491,0,73.24790955,29.98924255,1000,24,1,1371741694,1372937961,0
GSM,410,1,889,23588,0,73.27125549,30.00846863,1000,1,1,1370860092,1370860092,0
GSM,410,1,889,43588,0,73.265075,30.002976,1000,2,1,1370860528,1370860528,0
GSM,410,1,889,37398,0,73.24790955,29.98924255,1000,12,1,1371741694,1372937261,0
GSM,410,1,889,22847,0,73.248204,29.989488,1000,28,1,1371741694,1372937988,0
GSM,410,1,889,23207,0,73.25889587,30.00022888,1000,1,1,1371532361,1371532361,0
GSM,410,1,889,10877,0,73.255463,29.994736,1000,4,1,1371533122,1371533122,0
GSM,410,4,3009,30494,0,73.10646057,31.4037323,1000,1,1,1372157933,1372157933,0
GSM,410,1,889,34404,0,73.248459,30.001328,1000,5,1,1371763121,1371763121,0
GSM,410,7,313,1112,0,73.085129,33.663071,1000,45,1,1372364005,1372364005,0
GSM,410,7,312,32083,0,73.090439,33.663254,1000,3,1,1372383813,1492124389,0
GSM,410,7,313,31413,0,73.090839,33.659706,1000,8,1,1372383813,1483591357,0
GSM,410,7,313,29891,0,73.096676,33.656445,1000,8,1,1372383839,1475405339,0
GSM,410,7,313,29892,0,73.102466,33.644818,1000,11,1,1372383864,1475405339,0
GSM,410,7,313,29501,0,73.103256,33.642654,1000,6,1,1372383900,1461841349,0
GSM,410,7,313,31613,0,73.107834,33.636856,1000,9,1,1372383920,1491392492,0
GSM,410,7,313,29491,0,73.112717,33.637314,1048,9,1,1372383951,1491392492,0
GSM,410,7,313,29492,0,73.112953,33.628963,1000,11,1,1372383977,1491392492,0
GSM,410,7,313,30622,0,73.116074,33.622971,1000,10,1,1372384007,1475405339,0
GSM,410,7,313,29801,0,73.11882,33.623245,1000,5,1,1372384028,1469776006,0
GSM,410,7,313,29911,0,73.124117,33.613652,1000,14,1,1372384038,1469793268,0
GSM,410,7,313,29913,0,73.131454,33.60347,1000,10,1,1372384098,1483786489,0
GSM,410,7,313,29821,0,73.128531,33.603254,1000,14,1,1372384134,1475405339,0
GSM,410,7,313,30542,0,73.125687,33.59884,1000,7,1,1372384215,1492079203,0
GSM,410,7,313,30541,0,73.12088,33.605804,1000,6,1,1372384241,1475405339,0
GSM,410,7,313,30543,0,73.106735,33.606263,2950,30,1,1372384246,1452947899,0
GSM,410,1,604,31147,0,73.145849,33.523782,1095,44,1,1372409666,1488035228,0
GSM,410,1,604,21151,0,73.143539,33.524192,1000,14,1,1372409831,1488035228,0
GSM,410,1,604,21267,0,73.139616,33.531353,1813,7,1,1372409907,1488035228,0
GSM,410,1,604,11147,0,73.169381,33.527465,4296,11,1,1372410040,1488035228,0
GSM,410,1,604,30354,0,73.144226,33.527699,1432,8,1,1372410211,1488035228,0
GSM,410,1,604,11342,0,73.127746,33.531098,2117,10,1,1372410236,1427695014,0
GSM,410,1,604,21312,0,73.127403,33.528901,1884,4,1,1372410277,1486982424,0
GSM,410,1,604,11018,0,73.11179,33.541233,3784,25,1,1372410298,1484819395,0
GSM,410,1,604,31018,0,73.108521,33.550873,1084,8,1,1372410457,1408102956,0
GSM,410,1,604,31312,0,73.103371,33.551903,1318,4,1,1372410457,1449914190,0
GSM,410,1,604,21300,0,73.096848,33.55666,1000,7,1,1372390713,1372390713,0
GSM,410,1,604,11107,0,73.092139,33.557837,1000,7,1,1372390765,1372390765,0
GSM,410,1,604,21107,0,73.094173,33.550114,1000,19,1,1372410534,1449914190,0
GSM,410,1,604,21324,0,73.087692,33.560257,1000,6,1,1372410571,1427154183,0
GSM,410,1,604,11324,0,73.084335,33.562851,1000,9,1,1372410596,1436258456,0
GSM,410,1,604,30166,0,73.07887,33.566791,1423,11,1,1372410637,1476882707,0
GSM,410,1,604,17743,0,73.073502,33.573966,1000,19,1,1372410683,1476882701,0
GSM,410,1,604,21058,0,73.068924,33.58017,1000,6,1,1372410780,1476882707,0
GSM,410,1,604,31058,0,73.067551,33.582916,1000,6,1,1372410800,1476882707,0
GSM,410,1,604,21228,0,73.067064,33.584948,1000,16,1,1372410816,1490224045,0
GSM,410,1,604,11058,0,73.072128,33.585434,1000,6,1,1372410913,1476882707,0
GSM,410,1,604,20467,0,73.075974,33.588913,1000,5,1,1372391155,1372391155,0
GSM,410,1,604,30034,0,73.078308,33.590012,1000,2,1,1372391164,1372391164,0
GSM,410,1,604,21337,0,73.078995,33.592954,1000,7,1,1372391199,1372391199,0
GSM,410,1,604,21347,0,73.081604,33.598526,1000,10,1,1372391251,1372391251,0
GSM,410,1,601,11067,0,73.08711,33.602995,1000,11,1,1372391311,1372391311,0
GSM,410,1,601,21244,0,73.083364,33.60749,1000,11,1,1372411114,1490588063,0
GSM,410,1,601,11244,0,73.082145,33.614569,1000,17,1,1372411166,1451648327,0
GSM,410,1,605,31936,0,73.08311462,33.620224,1000,2,1,1372391453,1372391453,0
GSM,410,1,601,21624,0,73.081192,33.622971,1000,10,1,1372411262,1439889995,0
GSM,410,1,601,21346,0,73.076859,33.626175,1000,9,1,1372411310,1439889995,0
GSM,410,1,601,20506,0,73.073072,33.630867,1000,16,1,1372411351,1451648320,0
GSM,410,1,601,10506,0,73.073502,33.633957,1000,6,1,1372411473,1451648327,0
GSM,410,1,601,31623,0,73.075047,33.639278,1000,8,1,1372411499,1440563795,0
GSM,410,1,601,20510,0,73.075699,33.641647,1000,5,1,1372411514,1477106136,0
GSM,410,1,601,10019,0,73.074188,33.640137,1000,2,1,1372411519,1440563795,0
GSM,410,1,601,30510,0,73.077347,33.644669,1000,5,1,1372411551,1477106136,0
GSM,410,1,601,10510,0,73.078537,33.647232,1000,12,1,1372411567,1477106136,0
GSM,410,1,605,30247,0,73.075999,33.65593,2524,11,1,1372411617,1477106171,0
GSM,410,1,605,20247,0,73.081284,33.652725,1000,6,1,1372411663,1477106171,0
GSM,410,1,605,10247,0,73.082886,33.656158,1000,6,1,1372411678,1477106171,0
GSM,410,1,605,17162,0,73.083507,33.657891,1000,7,1,1372411694,1477106171,0
GSM,410,1,605,30505,0,73.083572,33.662644,1703,9,1,1372950968,1490588063,0
GSM,410,1,889,32834,0,73.24790955,29.98924255,1000,7,1,1372934442,1372934442,0
GSM,410,1,889,27491,0,73.24790955,29.98924255,1000,1,1,1372932975,1372932975,0
GSM,410,3,59910,29202,0,67.080116,24.905834,1000,8,1,1373540115,1479549416,0
GSM,410,4,733,12412,0,67.09899902,24.91424561,1000,548,1,1373683133,1373724992,0
GSM,410,4,733,28555,0,67.102466,24.914944,1000,121,1,1373683679,1373722866,0
GSM,410,4,733,12415,0,67.09899902,24.91424561,1000,736,1,1373683825,1373724786,0
GSM,410,4,733,19045,0,67.10243225,24.91493225,1000,9,1,1373680172,1373680172,0
GSM,410,4,224,14753,0,67.10243225,24.91493225,1000,47,1,1373684301,1373725293,0
GSM,410,4,224,14752,0,67.10243225,24.91493225,1000,10,1,1373665256,1373665256,0
GSM,410,4,733,10544,0,67.10257,24.914937,1000,269,1,1373685412,1373725248,0
GSM,410,4,733,32755,0,67.10243225,24.91493225,1000,1,1,1373674287,1373674287,0
GSM,410,4,224,14756,0,67.10243225,24.91493225,1000,106,1,1373715239,1373715239,0
GSM,410,1,602,21399,0,73.860123,32.815201,1000,5,1,1366935699,1366935699,0
GSM,410,1,602,31399,0,73.857193,32.817993,1000,6,1,1366935733,1366935733,0
GSM,410,1,602,10139,0,73.851533,32.823341,1000,11,1,1366935795,1366935795,0
GSM,410,1,602,30139,0,73.838699,32.829849,1000,15,1,1366935883,1366935883,0
GSM,410,1,602,21508,0,73.829008,32.834702,1000,7,1,1366935918,1366935918,0
GSM,410,1,602,31508,0,73.822251,32.846069,1000,18,1,1366936016,1366936016,0
GSM,410,3,52230,11838,0,66.029434,29.55574,1000,3,1,1377497792,1377497792,0
GSM,410,1,511,26536,0,68.74351501,27.52006531,1000,1,1,1378465064,1378465064,0
GSM,410,3,58805,28037,0,73.039169,33.6549,1000,4,1,1378488951,1378488951,0
GSM,410,1,168,33013,0,74.40422058,31.48750305,1000,1,1,1380651704,1380651704,0
GSM,410,3,51110,29854,0,68.751755,25.443635,1000,95,1,1382155790,1382271132,0
GSM,410,3,51110,29911,0,68.75175476,25.44364929,1000,101,1,1382155790,1382271111,0
GSM,410,3,51110,39857,0,68.821995,25.486223,3656,54,1,1382109765,1382109765,0
GSM,410,3,51110,29857,0,68.907366,25.503677,5046,86,1,1382110244,1382110244,0
GSM,410,3,51110,31141,0,68.967361,25.512384,1000,390,1,1382155806,1382243381,0
GSM,410,3,51110,39852,0,68.967558,25.512445,3012,147,1,1382155806,1456576760,0
GSM,410,6,110,44453,0,71.47361755,32.44743347,1000,1,1,1217364045,1217364045,0
GSM,410,6,139,48701,0,70.96549988,29.92332458,1000,1,1,1217364046,1217364046,0
GSM,410,6,139,48702,0,70.96549988,29.92332458,1000,1,1,1217364047,1217364047,0
GSM,410,6,139,48703,0,70.96549988,29.92332458,1000,1,1,1217364047,1217364047,0
GSM,410,6,139,48704,0,70.96549988,29.92332458,1000,1,1,1217364048,1217364048,0
GSM,410,6,135,48311,0,71.91581726,29.62669373,1000,1,1,1217364049,1217364049,0
GSM,410,6,135,48312,0,71.91581726,29.62669373,1000,1,1,1217364050,1217364050,0
GSM,410,6,135,48313,0,71.91581726,29.62669373,1000,1,1,1217364050,1217364050,0
GSM,410,6,135,48991,0,71.92268372,29.55802917,1000,1,1,1217364051,1217364051,0
GSM,410,6,135,48992,0,71.92268372,29.55802917,1000,1,1,1217364052,1217364052,0
GSM,410,6,135,48993,0,71.92268372,29.55802917,1000,1,1,1217364053,1217364053,0
GSM,410,6,135,48961,0,72.01057434,29.61433411,1000,1,1,1217364054,1217364054,0
GSM,410,6,135,48962,0,72.01057434,29.61433411,1000,1,1,1217364055,1217364055,0
GSM,410,6,135,48963,0,72.01057434,29.61433411,1000,1,1,1217364055,1217364055,0
GSM,410,6,135,48301,0,72.03529358,29.71458435,1000,1,1,1217364056,1217364056,0
GSM,410,6,135,48302,0,72.03529358,29.71458435,1000,1,1,1217364057,1217364057,0
GSM,410,6,135,48303,0,72.03529358,29.71458435,1000,1,1,1217364058,1217364058,0
GSM,410,6,135,48291,0,71.82792664,29.71458435,1000,1,1,1217364058,1217364058,0
GSM,410,6,135,48292,0,71.82792664,29.71458435,1000,1,1,1217364059,1217364059,0
GSM,410,6,135,48293,0,71.82792664,29.71458435,1000,1,1,1217364060,1217364060,0
GSM,410,6,135,41551,0,71.8787384,29.66239929,1000,1,1,1217364061,1217364061,0
GSM,410,6,135,41552,0,71.8787384,29.66239929,1000,1,1,1217364062,1217364062,0
GSM,410,6,135,41553,0,71.8787384,29.66239929,1000,1,1,1217364062,1217364062,0
GSM,410,6,110,44461,0,71.26213074,32.15629578,1000,1,1,1217364063,1217364063,0
GSM,410,6,110,44462,0,71.26213074,32.15629578,1000,1,1,1217364064,1217364064,0
GSM,410,6,110,44463,0,71.26213074,32.15629578,1000,1,1,1217364065,1217364065,0
GSM,410,6,111,45301,0,72.6436615,30.72257996,1000,1,1,1217364066,1217364066,0
GSM,410,6,111,45302,0,72.6436615,30.72257996,1000,1,1,1217364066,1217364066,0
GSM,410,6,111,45303,0,72.6436615,30.72257996,1000,1,1,1217364067,1217364067,0
GSM,410,6,111,45311,0,72.63954163,30.7308197,1000,1,1,1217364068,1217364068,0
GSM,410,6,111,45312,0,72.63954163,30.7308197,1000,1,1,1217364069,1217364069,0
GSM,410,6,111,45313,0,72.63954163,30.7308197,1000,1,1,1217364070,1217364070,0
GSM,410,6,111,45321,0,72.54890442,30.85166931,1000,1,1,1217364071,1217364071,0
GSM,410,6,111,45322,0,72.54890442,30.85166931,1000,1,1,1217364071,1217364071,0
GSM,410,6,111,45323,0,72.54890442,30.85166931,1000,1,1,1217364072,1217364072,0
GSM,410,6,137,55181,0,72.80570984,31.04667664,1000,1,1,1217364073,1217364073,0
GSM,410,6,137,55182,0,72.80570984,31.04667664,1000,1,1,1217364074,1217364074,0
GSM,410,6,137,55183,0,72.80570984,31.04667664,1000,1,1,1217364074,1217364074,0
GSM,410,6,111,45331,0,72.54341125,30.76789856,1000,1,1,1217364075,1217364075,0
GSM,410,6,111,45332,0,72.54341125,30.76789856,1000,1,1,1217364076,1217364076,0
GSM,410,6,111,45333,0,72.54341125,30.76789856,1000,1,1,1217364077,1217364077,0
GSM,410,6,111,45341,0,72.82081604,30.94367981,1000,1,1,1217364077,1217364077,0
GSM,410,6,111,45342,0,72.82081604,30.94367981,1000,1,1,1217364078,1217364078,0
GSM,410,6,111,45343,0,72.82081604,30.94367981,1000,1,1,1217364079,1217364079,0
GSM,410,6,137,55191,0,72.93479919,30.9752655,1000,1,1,1217364080,1217364080,0
GSM,410,6,137,55192,0,72.93479919,30.9752655,1000,1,1,1217364081,1217364081,0
GSM,410,6,137,55193,0,72.93479919,30.9752655,1000,1,1,1217364081,1217364081,0
GSM,410,6,101,46121,0,71.93504333,30.30647278,1000,1,1,1217364082,1217364082,0
GSM,410,6,101,46122,0,71.93504333,30.30647278,1000,1,1,1217364083,1217364083,0
GSM,410,6,101,46123,0,71.93504333,30.30647278,1000,1,1,1217364084,1217364084,0
GSM,410,6,101,46131,0,71.93504333,30.29548645,1000,1,1,1217364085,1217364085,0
GSM,410,6,101,46132,0,71.93504333,30.29548645,1000,1,1,1217364085,1217364085,0
GSM,410,6,101,46133,0,71.93504333,30.29548645,1000,1,1,1217364086,1217364086,0
GSM,410,6,101,46141,0,71.92268372,30.29136658,1000,1,1,1217364087,1217364087,0
GSM,410,6,101,46142,0,71.92268372,30.29136658,1000,1,1,1217364088,1217364088,0
GSM,410,6,101,46143,0,71.92268372,30.29136658,1000,1,1,1217364089,1217364089,0
GSM,410,6,101,46151,0,71.91993713,30.30235291,1000,1,1,1217364090,1217364090,0
GSM,410,6,101,46152,0,71.91993713,30.30235291,1000,1,1,1217364091,1217364091,0
GSM,410,6,101,46153,0,71.91993713,30.30235291,1000,1,1,1217364091,1217364091,0
GSM,410,6,134,58121,0,71.37886047,29.47288513,1000,1,1,1217364092,1217364092,0
GSM,410,6,134,58122,0,71.37886047,29.47288513,1000,1,1,1217364093,1217364093,0
GSM,410,6,134,58123,0,71.37886047,29.47288513,1000,1,1,1217364094,1217364094,0
GSM,410,6,136,55231,0,72.40470886,30.96839905,1000,1,1,1217364095,1217364095,0
GSM,410,6,136,55232,0,72.40470886,30.96839905,1000,1,1,1217364095,1217364095,0
GSM,410,6,136,55233,0,72.40470886,30.96839905,1000,1,1,1217364096,1217364096,0
GSM,410,6,101,46671,0,72.02980042,30.29548645,1000,1,1,1217364097,1217364097,0
GSM,410,6,101,46672,0,72.02980042,30.29548645,1000,1,1,1217364098,1217364098,0
GSM,410,6,101,46673,0,72.02980042,30.29548645,1000,1,1,1217364099,1217364099,0
GSM,410,6,101,46674,0,72.02980042,30.29548645,1000,1,1,1217364100,1217364100,0
GSM,410,6,101,46861,0,72.07649231,30.24467468,1000,1,1,1217364101,1217364101,0
GSM,410,6,101,46862,0,72.07649231,30.24467468,1000,1,1,1217364102,1217364102,0
GSM,410,6,101,46863,0,72.07649231,30.24467468,1000,1,1,1217364103,1217364103,0
GSM,410,6,138,46541,0,71.97761536,30.19111633,1000,1,1,1217364103,1217364103,0
GSM,410,6,138,46542,0,71.97761536,30.19111633,1000,1,1,1217364104,1217364104,0
GSM,410,6,138,46543,0,71.97761536,30.19111633,1000,1,1,1217364105,1217364105,0
GSM,410,6,109,46561,0,72.27836609,30.12519836,1000,1,1,1217364106,1217364106,0
GSM,410,6,109,46562,0,72.304467,30.094302,4255,2,1,1217383907,1449042781,0
GSM,410,6,109,46563,0,72.27836609,30.12519836,1000,1,1,1217364108,1217364108,0
GSM,410,6,109,46564,0,72.27836609,30.12519836,1000,1,1,1217364109,1217364109,0
GSM,410,6,109,46551,0,72.211419,30.206566,3036,4,1,1217383909,1473239030,0
GSM,410,6,109,46552,0,72.206039,30.243301,1589,6,1,1217383910,1473239030,0
GSM,410,6,109,46553,0,72.204895,30.243301,1562,6,1,1217383911,1473239030,0
GSM,410,6,101,46871,0,72.17536926,30.30097961,1000,1,1,1217364112,1217364112,0
